sample_index,sample_id,label_index,class_name,step,frame_index,patch_row,patch_col,R,G,B,ON_R,ON_G,ON_B,OFF_R,OFF_G,OFF_B
0,train/Blueberry___healthy/00fee259-67b7-4dd7-8b36-12503bbdba14___RS_HL 2681.JPG,0,Blueberry___healthy,1,0,0,0,0.8039829,0.7616422,0.7824755,0.0000000,0.0000000,0.0000000,0.0000000,0.0000000,0.0000000
0,train/Blueberry___healthy/00fee259-67b7-4dd7-8b36-12503bbdba14___RS_HL 2681.JPG,0,Blueberry___healthy,2,1,0,1,0.7851103,0.7435049,0.7630515,0.0000000,0.0000000,0.0000000,0.0239914,0.0266272,0.0195428
0,train/Blueberry___healthy/00fee259-67b7-4dd7-8b36-12503bbdba14___RS_HL 2681.JPG,0,Blueberry___healthy,3,2,0,2,0.7785540,0.7317402,0.7571079,0.0000000,0.0000000,0.0000000,0.0084702,0.0176218,0.0060798
0,train/Blueberry___healthy/00fee259-67b7-4dd7-8b36-12503bbdba14___RS_HL 2681.JPG,0,Blueberry___healthy,4,3,0,3,0.7534314,0.7046569,0.7311887,0.0000000,0.0000000,0.0000000,0.0331271,0.0416641,0.0270804
0,train/Blueberry___healthy/00fee259-67b7-4dd7-8b36-12503bbdba14___RS_HL 2681.JPG,0,Blueberry___healthy,5,4,0,4,0.7363358,0.6854167,0.7128677,0.0000000,0.0000000,0.0000000,0.0231814,0.0305848,0.0197283
0,train/Blueberry___healthy/00fee259-67b7-4dd7-8b36-12503bbdba14___RS_HL 2681.JPG,0,Blueberry___healthy,6,5,0,5,0.7237746,0.6735294,0.6981618,0.0000000,0.0000000,0.0000000,0.0173789,0.0193292,0.0162061
0,train/Blueberry___healthy/00fee259-67b7-4dd7-8b36-12503bbdba14___RS_HL 2681.JPG,0,Blueberry___healthy,7,6,0,6,0.7072304,0.6582108,0.6797181,0.0000000,0.0000000,0.0000000,0.0233549,0.0254176,0.0208142
0,train/Blueberry___healthy/00fee259-67b7-4dd7-8b36-12503bbdba14___RS_HL 2681.JPG,0,Blueberry___healthy,8,7,0,7,0.7023897,0.6531250,0.6745711,0.0000000,0.0000000,0.0000000,0.0069371,0.0085699,0.0059098
0,train/Blueberry___healthy/00fee259-67b7-4dd7-8b36-12503bbdba14___RS_HL 2681.JPG,0,Blueberry___healthy,9,8,1,7,0.7044731,0.6456496,0.6654412,0.0030216,0.0000000,0.0000000,0.0000000,0.0127186,0.0105945
0,train/Blueberry___healthy/00fee259-67b7-4dd7-8b36-12503bbdba14___RS_HL 2681.JPG,0,Blueberry___healthy,10,9,1,6,0.7141544,0.6577819,0.6830882,0.0139247,0.0208228,0.0205354,0.0000000,0.0000000,0.0000000
0,train/Blueberry___healthy/00fee259-67b7-4dd7-8b36-12503bbdba14___RS_HL 2681.JPG,0,Blueberry___healthy,11,10,1,5,0.7227328,0.6661152,0.6914828,0.0121816,0.0140814,0.0095835,0.0000000,0.0000000,0.0000000
0,train/Blueberry___healthy/00fee259-67b7-4dd7-8b36-12503bbdba14___RS_HL 2681.JPG,0,Blueberry___healthy,12,11,1,4,0.7073529,0.6605392,0.6832108,0.0000000,0.0000000,0.0000000,0.0217253,0.0092875,0.0093569
0,train/Blueberry___healthy/00fee259-67b7-4dd7-8b36-12503bbdba14___RS_HL 2681.JPG,0,Blueberry___healthy,13,12,1,3,0.5666667,0.5708946,0.5194853,0.0000000,0.0000000,0.0000000,0.2230743,0.1608596,0.2116821
0,train/Blueberry___healthy/00fee259-67b7-4dd7-8b36-12503bbdba14___RS_HL 2681.JPG,0,Blueberry___healthy,14,13,1,2,0.5806373,0.6197304,0.5276961,0.0248459,0.0917583,0.0123043,0.0000000,0.0000000,0.0000000
0,train/Blueberry___healthy/00fee259-67b7-4dd7-8b36-12503bbdba14___RS_HL 2681.JPG,0,Blueberry___healthy,15,14,1,1,0.6037990,0.6637255,0.5474877,0.0399005,0.0766841,0.0288863,0.0000000,0.0000000,0.0000000
0,train/Blueberry___healthy/00fee259-67b7-4dd7-8b36-12503bbdba14___RS_HL 2681.JPG,0,Blueberry___healthy,16,15,1,0,0.7727941,0.7479780,0.7393996,0.2504879,0.1335122,0.2340207,0.0000000,0.0000000,0.0000000
0,train/Blueberry___healthy/00fee259-67b7-4dd7-8b36-12503bbdba14___RS_HL 2681.JPG,0,Blueberry___healthy,17,16,2,0,0.7987745,0.7561888,0.7789829,0.0337311,0.0122115,0.0409095,0.0000000,0.0000000,0.0000000
0,train/Blueberry___healthy/00fee259-67b7-4dd7-8b36-12503bbdba14___RS_HL 2681.JPG,0,Blueberry___healthy,18,17,2,1,0.7142770,0.7485294,0.6626838,0.0000000,0.0000000,0.0000000,0.1128144,0.0112478,0.1254397
0,train/Blueberry___healthy/00fee259-67b7-4dd7-8b36-12503bbdba14___RS_HL 2681.JPG,0,Blueberry___healthy,19,18,2,2,0.6200368,0.6806986,0.5782475,0.0000000,0.0000000,0.0000000,0.1426764,0.1048721,0.1058048
0,train/Blueberry___healthy/00fee259-67b7-4dd7-8b36-12503bbdba14___RS_HL 2681.JPG,0,Blueberry___healthy,20,19,2,3,0.4052083,0.5235907,0.3255515,0.0000000,0.0000000,0.0000000,0.4232898,0.2882711,0.4347607
0,train/Blueberry___healthy/00fee259-67b7-4dd7-8b36-12503bbdba14___RS_HL 2681.JPG,0,Blueberry___healthy,21,20,2,4,0.4313726,0.5078431,0.3621936,0.0638142,0.0000000,0.0836077,0.0000000,0.0337369,0.0000000
0,train/Blueberry___healthy/00fee259-67b7-4dd7-8b36-12503bbdba14___RS_HL 2681.JPG,0,Blueberry___healthy,22,21,2,5,0.5938113,0.5662990,0.5606005,0.3233002,0.1217442,0.3373997,0.0000000,0.0000000,0.0000000
0,train/Blueberry___healthy/00fee259-67b7-4dd7-8b36-12503bbdba14___RS_HL 2681.JPG,0,Blueberry___healthy,23,22,2,6,0.7107230,0.6558824,0.6810049,0.1828609,0.1639734,0.1521780,0.0000000,0.0000000,0.0000000
0,train/Blueberry___healthy/00fee259-67b7-4dd7-8b36-12503bbdba14___RS_HL 2681.JPG,0,Blueberry___healthy,24,23,2,7,0.6998774,0.6410539,0.6607844,0.0000000,0.0000000,0.0000000,0.0155319,0.0252645,0.0234333
0,train/Blueberry___healthy/00fee259-67b7-4dd7-8b36-12503bbdba14___RS_HL 2681.JPG,0,Blueberry___healthy,25,24,3,7,0.6951593,0.6363358,0.6577819,0.0000000,0.0000000,0.0000000,0.0068322,0.0081617,0.0035408
0,train/Blueberry___healthy/00fee259-67b7-4dd7-8b36-12503bbdba14___RS_HL 2681.JPG,0,Blueberry___healthy,26,25,3,6,0.6465687,0.5986520,0.6146446,0.0000000,0.0000000,0.0000000,0.0731581,0.0674258,0.0527161
0,train/Blueberry___healthy/00fee259-67b7-4dd7-8b36-12503bbdba14___RS_HL 2681.JPG,0,Blueberry___healthy,27,26,3,5,0.5145833,0.5557598,0.4519608,0.0000000,0.0000000,0.0000000,0.2296203,0.0821015,0.2371725
0,train/Blueberry___healthy/00fee259-67b7-4dd7-8b36-12503bbdba14___RS_HL 2681.JPG,0,Blueberry___healthy,28,27,3,4,0.5308824,0.6145834,0.4724877,0.0318104,0.1124397,0.0348445,0.0000000,0.0000000,0.0000000
0,train/Blueberry___healthy/00fee259-67b7-4dd7-8b36-12503bbdba14___RS_HL 2681.JPG,0,Blueberry___healthy,29,28,3,3,0.4299632,0.5321079,0.3692402,0.0000000,0.0000000,0.0000000,0.2121747,0.1589323,0.1907355
0,train/Blueberry___healthy/00fee259-67b7-4dd7-8b36-12503bbdba14___RS_HL 2681.JPG,0,Blueberry___healthy,30,29,3,2,0.5128677,0.6007353,0.4603554,0.1794164,0.1355219,0.1723524,0.0000000,0.0000000,0.0000000
0,train/Blueberry___healthy/00fee259-67b7-4dd7-8b36-12503bbdba14___RS_HL 2681.JPG,0,Blueberry___healthy,31,30,3,1,0.7036152,0.7245098,0.6514093,0.3199418,0.2089378,0.2696721,0.0000000,0.0000000,0.0000000
0,train/Blueberry___healthy/00fee259-67b7-4dd7-8b36-12503bbdba14___RS_HL 2681.JPG,0,Blueberry___healthy,32,31,3,0,0.8037990,0.7606618,0.7841299,0.1356074,0.0544549,0.1450829,0.0000000,0.0000000,0.0000000
0,train/Blueberry___healthy/00fee259-67b7-4dd7-8b36-12503bbdba14___RS_HL 2681.JPG,0,Blueberry___healthy,33,32,4,0,0.7878677,0.7447917,0.7721814,0.0000000,0.0000000,0.0000000,0.0202197,0.0232941,0.0119383
0,train/Blueberry___healthy/00fee259-67b7-4dd7-8b36-12503bbdba14___RS_HL 2681.JPG,0,Blueberry___healthy,34,33,4,1,0.7547794,0.7256128,0.7302696,0.0000000,0.0000000,0.0000000,0.0433293,0.0288218,0.0433770
0,train/Blueberry___healthy/00fee259-67b7-4dd7-8b36-12503bbdba14___RS_HL 2681.JPG,0,Blueberry___healthy,35,34,4,2,0.5328432,0.6147059,0.4579044,0.0000000,0.0000000,0.0000000,0.3481877,0.1828455,0.3564473
0,train/Blueberry___healthy/00fee259-67b7-4dd7-8b36-12503bbdba14___RS_HL 2681.JPG,0,Blueberry___healthy,36,35,4,3,0.4534314,0.5557598,0.3914216,0.0000000,0.0000000,0.0000000,0.1626526,0.1112833,0.1217191
0,train/Blueberry___healthy/00fee259-67b7-4dd7-8b36-12503bbdba14___RS_HL 2681.JPG,0,Blueberry___healthy,37,36,4,4,0.5789829,0.6401348,0.5225490,0.2481339,0.1578347,0.2251408,0.0000000,0.0000000,0.0000000
0,train/Blueberry___healthy/00fee259-67b7-4dd7-8b36-12503bbdba14___RS_HL 2681.JPG,0,Blueberry___healthy,38,37,4,5,0.6586397,0.7082108,0.6033089,0.1313267,0.1129470,0.1125654,0.0000000,0.0000000,0.0000000
0,train/Blueberry___healthy/00fee259-67b7-4dd7-8b36-12503bbdba14___RS_HL 2681.JPG,0,Blueberry___healthy,39,38,4,6,0.3870711,0.3721201,0.3568628,0.0000000,0.0000000,0.0000000,0.5246163,0.6874381,0.3991138
0,train/Blueberry___healthy/00fee259-67b7-4dd7-8b36-12503bbdba14___RS_HL 2681.JPG,0,Blueberry___healthy,40,39,4,7,0.6774510,0.6207721,0.6443015,0.5565831,0.5602366,0.4505395,0.0000000,0.0000000,0.0000000
0,train/Blueberry___healthy/00fee259-67b7-4dd7-8b36-12503bbdba14___RS_HL 2681.JPG,0,Blueberry___healthy,41,40,5,7,0.6768996,0.6183211,0.6420956,0.0000000,0.0000000,0.0000000,0.0008225,0.0043708,0.0026664
0,train/Blueberry___healthy/00fee259-67b7-4dd7-8b36-12503bbdba14___RS_HL 2681.JPG,0,Blueberry___healthy,42,41,5,6,0.2838235,0.3200368,0.2437500,0.0000000,0.0000000,0.0000000,0.8265174,0.7024183,0.6992390
0,train/Blueberry___healthy/00fee259-67b7-4dd7-8b36-12503bbdba14___RS_HL 2681.JPG,0,Blueberry___healthy,43,42,5,5,0.4920343,0.5672182,0.4006127,0.5475692,0.6232311,0.3820164,0.0000000,0.0000000,0.0000000
0,train/Blueberry___healthy/00fee259-67b7-4dd7-8b36-12503bbdba14___RS_HL 2681.JPG,0,Blueberry___healthy,44,43,5,4,0.5094976,0.5886642,0.4519608,0.0355778,0.0415064,0.0945116,0.0000000,0.0000000,0.0000000
0,train/Blueberry___healthy/00fee259-67b7-4dd7-8b36-12503bbdba14___RS_HL 2681.JPG,0,Blueberry___healthy,45,44,5,3,0.5212010,0.5773284,0.4613971,0.0231686,0.0000000,0.0162126,0.0000000,0.0214828,0.0000000
0,train/Blueberry___healthy/00fee259-67b7-4dd7-8b36-12503bbdba14___RS_HL 2681.JPG,0,Blueberry___healthy,46,45,5,2,0.7206495,0.6883579,0.6903799,0.3277024,0.1962429,0.3119805,0.0000000,0.0000000,0.0000000
0,train/Blueberry___healthy/00fee259-67b7-4dd7-8b36-12503bbdba14___RS_HL 2681.JPG,0,Blueberry___healthy,47,46,5,1,0.7575980,0.7108456,0.7420956,0.0509997,0.0359539,0.0566537,0.0000000,0.0000000,0.0000000
0,train/Blueberry___healthy/00fee259-67b7-4dd7-8b36-12503bbdba14___RS_HL 2681.JPG,0,Blueberry___healthy,48,47,5,0,0.7724265,0.7292892,0.7587010,0.0197750,0.0286501,0.0173628,0.0000000,0.0000000,0.0000000
0,train/Blueberry___healthy/00fee259-67b7-4dd7-8b36-12503bbdba14___RS_HL 2681.JPG,0,Blueberry___healthy,49,48,6,0,0.7498775,0.7067402,0.7381127,0.0000000,0.0000000,0.0000000,0.0299227,0.0346975,0.0213882
0,train/Blueberry___healthy/00fee259-67b7-4dd7-8b36-12503bbdba14___RS_HL 2681.JPG,0,Blueberry___healthy,50,49,6,1,0.7559437,0.7091299,0.7422794,0.0082198,0.0037758,0.0044168,0.0000000,0.0000000,0.0000000
0,train/Blueberry___healthy/00fee259-67b7-4dd7-8b36-12503bbdba14___RS_HL 2681.JPG,0,Blueberry___healthy,51,50,6,2,0.7373775,0.6885417,0.7209559,0.0000000,0.0000000,0.0000000,0.0251156,0.0325498,0.0226604
0,train/Blueberry___healthy/00fee259-67b7-4dd7-8b36-12503bbdba14___RS_HL 2681.JPG,0,Blueberry___healthy,52,51,6,3,0.7186887,0.6679534,0.6990809,0.0000000,0.0000000,0.0000000,0.0259282,0.0335379,0.0239537
0,train/Blueberry___healthy/00fee259-67b7-4dd7-8b36-12503bbdba14___RS_HL 2681.JPG,0,Blueberry___healthy,53,52,6,4,0.6834559,0.6454045,0.6569240,0.0000000,0.0000000,0.0000000,0.0507608,0.0379383,0.0483427
0,train/Blueberry___healthy/00fee259-67b7-4dd7-8b36-12503bbdba14___RS_HL 2681.JPG,0,Blueberry___healthy,54,53,6,5,0.5817402,0.5787377,0.5363358,0.0000000,0.0000000,0.0000000,0.1624067,0.1203403,0.1571424
0,train/Blueberry___healthy/00fee259-67b7-4dd7-8b36-12503bbdba14___RS_HL 2681.JPG,0,Blueberry___healthy,55,54,6,6,0.5407476,0.5155637,0.4528186,0.0000000,0.0000000,0.0000000,0.0737731,0.1275661,0.1312912
0,train/Blueberry___healthy/00fee259-67b7-4dd7-8b36-12503bbdba14___RS_HL 2681.JPG,0,Blueberry___healthy,56,55,6,7,0.6467525,0.5914829,0.6143996,0.1821422,0.1534148,0.2375909,0.0000000,0.0000000,0.0000000
0,train/Blueberry___healthy/00fee259-67b7-4dd7-8b36-12503bbdba14___RS_HL 2681.JPG,0,Blueberry___healthy,57,56,7,7,0.6432598,0.5923407,0.6195466,0.0000000,0.0016210,0.0065457,0.0054693,0.0000000,0.0000000
0,train/Blueberry___healthy/00fee259-67b7-4dd7-8b36-12503bbdba14___RS_HL 2681.JPG,0,Blueberry___healthy,58,57,7,6,0.6709559,0.6200368,0.6474878,0.0430001,0.0511049,0.0346058,0.0000000,0.0000000,0.0000000
0,train/Blueberry___healthy/00fee259-67b7-4dd7-8b36-12503bbdba14___RS_HL 2681.JPG,0,Blueberry___healthy,59,58,7,5,0.6915441,0.6405637,0.6680147,0.0308319,0.0364274,0.0244864,0.0000000,0.0000000,0.0000000
0,train/Blueberry___healthy/00fee259-67b7-4dd7-8b36-12503bbdba14___RS_HL 2681.JPG,0,Blueberry___healthy,60,59,7,4,0.7092525,0.6585785,0.6861520,0.0257942,0.0310208,0.0210181,0.0000000,0.0000000,0.0000000
0,train/Blueberry___healthy/00fee259-67b7-4dd7-8b36-12503bbdba14___RS_HL 2681.JPG,0,Blueberry___healthy,61,60,7,3,0.7138481,0.6685049,0.7007353,0.0065890,0.0167331,0.0165010,0.0000000,0.0000000,0.0000000
0,train/Blueberry___healthy/00fee259-67b7-4dd7-8b36-12503bbdba14___RS_HL 2681.JPG,0,Blueberry___healthy,62,61,7,2,0.7379902,0.6947917,0.7261642,0.0339294,0.0431349,0.0279658,0.0000000,0.0000000,0.0000000
0,train/Blueberry___healthy/00fee259-67b7-4dd7-8b36-12503bbdba14___RS_HL 2681.JPG,0,Blueberry___healthy,63,62,7,1,0.7577819,0.7146446,0.7460172,0.0269982,0.0315109,0.0211620,0.0000000,0.0000000,0.0000000
0,train/Blueberry___healthy/00fee259-67b7-4dd7-8b36-12503bbdba14___RS_HL 2681.JPG,0,Blueberry___healthy,64,63,7,0,0.7553922,0.7123162,0.7436888,0.0000000,0.0000000,0.0000000,0.0031902,0.0036056,0.0024304
962,train/Cherry_(including_sour)___healthy/0008f3d3-2f85-4973-be9a-1b520b8b59fc___JR_HL 4092.JPG,1,Cherry_(including_sour)___healthy,1,0,0,0,0.6338848,0.5583333,0.5681986,0.0000000,0.0000000,0.0000000,0.0000000,0.0000000,0.0000000
962,train/Cherry_(including_sour)___healthy/0008f3d3-2f85-4973-be9a-1b520b8b59fc___JR_HL 4092.JPG,1,Cherry_(including_sour)___healthy,2,1,0,1,0.3388481,0.3883578,0.2596814,0.0000000,0.0000000,0.0000000,0.6127118,0.3967454,0.5794762
962,train/Cherry_(including_sour)___healthy/0008f3d3-2f85-4973-be9a-1b520b8b59fc___JR_HL 4092.JPG,1,Cherry_(including_sour)___healthy,3,2,0,2,0.2457108,0.3246324,0.1924020,0.0000000,0.0000000,0.0000000,0.3218612,0.1974982,0.2314125
962,train/Cherry_(including_sour)___healthy/0008f3d3-2f85-4973-be9a-1b520b8b59fc___JR_HL 4092.JPG,1,Cherry_(including_sour)___healthy,4,3,0,3,0.4023897,0.3896446,0.3538603,0.4932715,0.2036151,0.4638225,0.0000000,0.0000000,0.0000000
962,train/Cherry_(including_sour)___healthy/0008f3d3-2f85-4973-be9a-1b520b8b59fc___JR_HL 4092.JPG,1,Cherry_(including_sour)___healthy,5,4,0,4,0.5920956,0.5178309,0.5241422,0.3892248,0.3160009,0.3043445,0.0000000,0.0000000,0.0000000
962,train/Cherry_(including_sour)___healthy/0008f3d3-2f85-4973-be9a-1b520b8b59fc___JR_HL 4092.JPG,1,Cherry_(including_sour)___healthy,6,5,0,5,0.6069853,0.5287378,0.5364584,0.0253371,0.0233139,0.0182229,0.0000000,0.0000000,0.0000000
962,train/Cherry_(including_sour)___healthy/0008f3d3-2f85-4973-be9a-1b520b8b59fc___JR_HL 4092.JPG,1,Cherry_(including_sour)___healthy,7,6,0,6,0.6179535,0.5433824,0.5533701,0.0182699,0.0305574,0.0243514,0.0000000,0.0000000,0.0000000
962,train/Cherry_(including_sour)___healthy/0008f3d3-2f85-4973-be9a-1b520b8b59fc___JR_HL 4092.JPG,1,Cherry_(including_sour)___healthy,8,7,0,7,0.5992647,0.5247549,0.5384804,0.0000000,0.0000000,0.0000000,0.0310160,0.0385355,0.0212054
962,train/Cherry_(including_sour)___healthy/0008f3d3-2f85-4973-be9a-1b520b8b59fc___JR_HL 4092.JPG,1,Cherry_(including_sour)___healthy,9,8,1,7,0.6297795,0.5541054,0.5642157,0.0506594,0.0608599,0.0366241,0.0000000,0.0000000,0.0000000
962,train/Cherry_(including_sour)___healthy/0008f3d3-2f85-4973-be9a-1b520b8b59fc___JR_HL 4092.JPG,1,Cherry_(including_sour)___healthy,10,9,1,6,0.6211397,0.5496324,0.5555148,0.0000000,0.0000000,0.0000000,0.0139523,0.0089551,0.0120831
962,train/Cherry_(including_sour)___healthy/0008f3d3-2f85-4973-be9a-1b520b8b59fc___JR_HL 4092.JPG,1,Cherry_(including_sour)___healthy,11,10,1,5,0.3677084,0.3580270,0.3294118,0.0000000,0.0000000,0.0000000,0.5177314,0.4664645,0.3973038
962,train/Cherry_(including_sour)___healthy/0008f3d3-2f85-4973-be9a-1b520b8b59fc___JR_HL 4092.JPG,1,Cherry_(including_sour)___healthy,12,11,1,4,0.2054534,0.3107843,0.1711397,0.0000000,0.0000000,0.0000000,0.5718657,0.1560862,0.4916757
962,train/Cherry_(including_sour)___healthy/0008f3d3-2f85-4973-be9a-1b520b8b59fc___JR_HL 4092.JPG,1,Cherry_(including_sour)___healthy,13,12,1,3,0.1262868,0.2813725,0.0832721,0.0000000,0.0000000,0.0000000,0.4820778,0.1097534,0.5370494
962,train/Cherry_(including_sour)___healthy/0008f3d3-2f85-4973-be9a-1b520b8b59fc___JR_HL 4092.JPG,1,Cherry_(including_sour)___healthy,14,13,1,2,0.1570466,0.2960784,0.0892157,0.2215148,0.0569715,0.0540734,0.0000000,0.0000000,0.0000000
962,train/Cherry_(including_sour)___healthy/0008f3d3-2f85-4973-be9a-1b520b8b59fc___JR_HL 4092.JPG,1,Cherry_(including_sour)___healthy,15,14,1,1,0.1613358,0.2794730,0.0664828,0.0274882,0.0000000,0.0000000,0.0000000,0.0637527,0.2270339
962,train/Cherry_(including_sour)___healthy/0008f3d3-2f85-4973-be9a-1b520b8b59fc___JR_HL 4092.JPG,1,Cherry_(including_sour)___healthy,16,15,1,0,0.5539216,0.5181985,0.4775123,1.0000000,0.6695089,1.0000000,0.0000000,0.0000000,0.0000000
962,train/Cherry_(including_sour)___healthy/0008f3d3-2f85-4973-be9a-1b520b8b59fc___JR_HL 4092.JPG,1,Cherry_(including_sour)___healthy,17,16,2,0,0.3816789,0.4250613,0.3027574,0.0000000,0.0000000,0.0000000,0.3718981,0.2181856,0.3482638
962,train/Cherry_(including_sour)___healthy/0008f3d3-2f85-4973-be9a-1b520b8b59fc___JR_HL 4092.JPG,1,Cherry_(including_sour)___healthy,18,17,2,1,0.1829657,0.3109069,0.0956495,0.0000000,0.0000000,0.0000000,0.7109270,0.3427420,0.8083376
962,train/Cherry_(including_sour)___healthy/0008f3d3-2f85-4973-be9a-1b520b8b59fc___JR_HL 4092.JPG,1,Cherry_(including_sour)___healthy,19,18,2,2,0.1883578,0.3216299,0.1109681,0.0296297,0.0379239,0.1163439,0.0000000,0.0000000,0.0000000
962,train/Cherry_(including_sour)___healthy/0008f3d3-2f85-4973-be9a-1b520b8b59fc___JR_HL 4092.JPG,1,Cherry_(including_sour)___healthy,20,19,2,3,0.1936275,0.3379289,0.1414216,0.0281481,0.0552827,0.1893460,0.0000000,0.0000000,0.0000000
962,train/Cherry_(including_sour)___healthy/0008f3d3-2f85-4973-be9a-1b520b8b59fc___JR_HL 4092.JPG,1,Cherry_(including_sour)___healthy,21,20,2,4,0.2570466,0.3912990,0.2161765,0.2871278,0.1637255,0.3280474,0.0000000,0.0000000,0.0000000
962,train/Cherry_(including_sour)___healthy/0008f3d3-2f85-4973-be9a-1b520b8b59fc___JR_HL 4092.JPG,1,Cherry_(including_sour)___healthy,22,21,2,5,0.2295956,0.3354779,0.2058824,0.0000000,0.0000000,0.0000000,0.1139518,0.1697192,0.0379262
962,train/Cherry_(including_sour)___healthy/0008f3d3-2f85-4973-be9a-1b520b8b59fc___JR_HL 4092.JPG,1,Cherry_(including_sour)___healthy,23,22,2,6,0.4039216,0.3881740,0.3583333,0.5614635,0.1629034,0.4240115,0.0000000,0.0000000,0.0000000
962,train/Cherry_(including_sour)___healthy/0008f3d3-2f85-4973-be9a-1b520b8b59fc___JR_HL 4092.JPG,1,Cherry_(including_sour)___healthy,24,23,2,7,0.6522672,0.5758579,0.5900123,0.4797700,0.4355291,0.3833652,0.0000000,0.0000000,0.0000000
962,train/Cherry_(including_sour)___healthy/0008f3d3-2f85-4973-be9a-1b520b8b59fc___JR_HL 4092.JPG,1,Cherry_(including_sour)___healthy,25,24,3,7,0.5860294,0.5235907,0.5265931,0.0000000,0.0000000,0.0000000,0.1080575,0.1050481,0.0883170
962,train/Cherry_(including_sour)___healthy/0008f3d3-2f85-4973-be9a-1b520b8b59fc___JR_HL 4092.JPG,1,Cherry_(including_sour)___healthy,26,25,3,6,0.1808211,0.2772059,0.1400123,0.0000000,0.0000000,0.0000000,1.0000000,0.6798694,0.9017684
962,train/Cherry_(including_sour)___healthy/0008f3d3-2f85-4973-be9a-1b520b8b59fc___JR_HL 4092.JPG,1,Cherry_(including_sour)___healthy,27,26,3,5,0.1628064,0.2896446,0.1170343,0.0000000,0.0490896,0.0000000,0.1059039,0.0000000,0.1390022
962,train/Cherry_(including_sour)___healthy/0008f3d3-2f85-4973-be9a-1b520b8b59fc___JR_HL 4092.JPG,1,Cherry_(including_sour)___healthy,28,27,3,4,0.2164828,0.3489583,0.1711397,0.2887559,0.2077809,0.2946304,0.0000000,0.0000000,0.0000000
962,train/Cherry_(including_sour)___healthy/0008f3d3-2f85-4973-be9a-1b520b8b59fc___JR_HL 4092.JPG,1,Cherry_(including_sour)___healthy,29,28,3,3,0.2421569,0.3651348,0.1696078,0.1142194,0.0506769,0.0000000,0.0000000,0.0000000,0.0069906
962,train/Cherry_(including_sour)___healthy/0008f3d3-2f85-4973-be9a-1b520b8b59fc___JR_HL 4092.JPG,1,Cherry_(including_sour)___healthy,30,29,3,2,0.2474878,0.3711397,0.1811275,0.0222145,0.0182452,0.0515407,0.0000000,0.0000000,0.0000000
962,train/Cherry_(including_sour)___healthy/0008f3d3-2f85-4973-be9a-1b520b8b59fc___JR_HL 4092.JPG,1,Cherry_(including_sour)___healthy,31,30,3,1,0.2313726,0.3575980,0.1538603,0.0000000,0.0000000,0.0000000,0.0679830,0.0410615,0.1265709
962,train/Cherry_(including_sour)___healthy/0008f3d3-2f85-4973-be9a-1b520b8b59fc___JR_HL 4092.JPG,1,Cherry_(including_sour)___healthy,32,31,3,0,0.5090074,0.5186275,0.4341912,0.7651336,0.4111223,0.7480802,0.0000000,0.0000000,0.0000000
962,train/Cherry_(including_sour)___healthy/0008f3d3-2f85-4973-be9a-1b520b8b59fc___JR_HL 4092.JPG,1,Cherry_(including_sour)___healthy,33,32,4,0,0.6722426,0.6123775,0.5977328,0.2819618,0.1854337,0.2486987,0.0000000,0.0000000,0.0000000
962,train/Cherry_(including_sour)___healthy/0008f3d3-2f85-4973-be9a-1b520b8b59fc___JR_HL 4092.JPG,1,Cherry_(including_sour)___healthy,34,33,4,1,0.3469363,0.4280638,0.2731005,0.0000000,0.0000000,0.0000000,0.6447864,0.3914479,0.5796694
962,train/Cherry_(including_sour)___healthy/0008f3d3-2f85-4973-be9a-1b520b8b59fc___JR_HL 4092.JPG,1,Cherry_(including_sour)___healthy,35,34,4,2,0.3460172,0.4552696,0.2848652,0.0000000,0.0689000,0.0330877,0.0026795,0.0000000,0.0000000
962,train/Cherry_(including_sour)___healthy/0008f3d3-2f85-4973-be9a-1b520b8b59fc___JR_HL 4092.JPG,1,Cherry_(including_sour)___healthy,36,35,4,3,0.2910539,0.4070466,0.2375000,0.0000000,0.0000000,0.0000000,0.1742841,0.1235725,0.1409965
962,train/Cherry_(including_sour)___healthy/0008f3d3-2f85-4973-be9a-1b520b8b59fc___JR_HL 4092.JPG,1,Cherry_(including_sour)___healthy,37,36,4,4,0.2741422,0.3939338,0.2015931,0.0000000,0.0000000,0.0000000,0.0604453,0.0361748,0.1271581
962,train/Cherry_(including_sour)___healthy/0008f3d3-2f85-4973-be9a-1b520b8b59fc___JR_HL 4092.JPG,1,Cherry_(including_sour)___healthy,38,37,4,5,0.2050858,0.3248162,0.1632353,0.0000000,0.0000000,0.0000000,0.2910952,0.2124930,0.1634890
962,train/Cherry_(including_sour)___healthy/0008f3d3-2f85-4973-be9a-1b520b8b59fc___JR_HL 4092.JPG,1,Cherry_(including_sour)___healthy,39,38,4,6,0.2299632,0.3457108,0.1885417,0.1166770,0.0697106,0.1128898,0.0000000,0.0000000,0.0000000
962,train/Cherry_(including_sour)___healthy/0008f3d3-2f85-4973-be9a-1b520b8b59fc___JR_HL 4092.JPG,1,Cherry_(including_sour)___healthy,40,39,4,7,0.1702206,0.2101716,0.1392157,0.0000000,0.0000000,0.0000000,0.3015768,0.5387851,0.2340162
962,train/Cherry_(including_sour)___healthy/0008f3d3-2f85-4973-be9a-1b520b8b59fc___JR_HL 4092.JPG,1,Cherry_(including_sour)___healthy,41,40,5,7,0.1751226,0.2199142,0.1391544,0.0289625,0.0506760,0.0000000,0.0000000,0.0000000,0.0003423
962,train/Cherry_(including_sour)___healthy/0008f3d3-2f85-4973-be9a-1b520b8b59fc___JR_HL 4092.JPG,1,Cherry_(including_sour)___healthy,42,41,5,6,0.3204044,0.4072917,0.2730392,0.5982211,0.6683265,0.5097089,0.0000000,0.0000000,0.0000000
962,train/Cherry_(including_sour)___healthy/0008f3d3-2f85-4973-be9a-1b520b8b59fc___JR_HL 4092.JPG,1,Cherry_(including_sour)___healthy,43,42,5,5,0.2731618,0.3804534,0.2083946,0.0000000,0.0000000,0.0000000,0.1607824,0.0752839,0.2087944
962,train/Cherry_(including_sour)___healthy/0008f3d3-2f85-4973-be9a-1b520b8b59fc___JR_HL 4092.JPG,1,Cherry_(including_sour)___healthy,44,43,5,4,0.2619485,0.3732230,0.1688113,0.0000000,0.0000000,0.0000000,0.0423313,0.0211988,0.1631762
962,train/Cherry_(including_sour)___healthy/0008f3d3-2f85-4973-be9a-1b520b8b59fc___JR_HL 4092.JPG,1,Cherry_(including_sour)___healthy,45,44,5,3,0.2304534,0.3437500,0.1575368,0.0000000,0.0000000,0.0000000,0.1292101,0.0908355,0.0537204
962,train/Cherry_(including_sour)___healthy/0008f3d3-2f85-4973-be9a-1b520b8b59fc___JR_HL 4092.JPG,1,Cherry_(including_sour)___healthy,46,45,5,2,0.2152574,0.3233456,0.1424020,0.0000000,0.0000000,0.0000000,0.0688734,0.0675880,0.0784634
962,train/Cherry_(including_sour)___healthy/0008f3d3-2f85-4973-be9a-1b520b8b59fc___JR_HL 4092.JPG,1,Cherry_(including_sour)___healthy,47,46,5,1,0.5870098,0.5634804,0.5132353,0.9454811,0.6057569,0.8875806,0.0000000,0.0000000,0.0000000
962,train/Cherry_(including_sour)___healthy/0008f3d3-2f85-4973-be9a-1b520b8b59fc___JR_HL 4092.JPG,1,Cherry_(including_sour)___healthy,48,47,5,0,0.7170343,0.6386030,0.6425245,0.2034469,0.1398033,0.1755447,0.0000000,0.0000000,0.0000000
962,train/Cherry_(including_sour)___healthy/0008f3d3-2f85-4973-be9a-1b520b8b59fc___JR_HL 4092.JPG,1,Cherry_(including_sour)___healthy,49,48,6,0,0.7227328,0.6465687,0.6493873,0.0080758,0.0138658,0.0083360,0.0000000,0.0000000,0.0000000
962,train/Cherry_(including_sour)___healthy/0008f3d3-2f85-4973-be9a-1b520b8b59fc___JR_HL 4092.JPG,1,Cherry_(including_sour)___healthy,50,49,6,1,0.7265931,0.6520833,0.6540442,0.0054347,0.0094997,0.0056066,0.0000000,0.0000000,0.0000000
962,train/Cherry_(including_sour)___healthy/0008f3d3-2f85-4973-be9a-1b520b8b59fc___JR_HL 4092.JPG,1,Cherry_(including_sour)___healthy,51,50,6,2,0.6291054,0.5897672,0.5535539,0.0000000,0.0000000,0.0000000,0.1452649,0.1108831,0.1293973
962,train/Cherry_(including_sour)___healthy/0008f3d3-2f85-4973-be9a-1b520b8b59fc___JR_HL 4092.JPG,1,Cherry_(including_sour)___healthy,52,51,6,3,0.3122549,0.3710784,0.2282476,0.0000000,0.0000000,0.0000000,0.6799425,0.5029290,0.6470229
962,train/Cherry_(including_sour)___healthy/0008f3d3-2f85-4973-be9a-1b520b8b59fc___JR_HL 4092.JPG,1,Cherry_(including_sour)___healthy,53,52,6,4,0.1889093,0.2900123,0.1016544,0.0000000,0.0000000,0.0000000,0.4971837,0.2709644,0.5966891
962,train/Cherry_(including_sour)___healthy/0008f3d3-2f85-4973-be9a-1b520b8b59fc___JR_HL 4092.JPG,1,Cherry_(including_sour)___healthy,54,53,6,5,0.2875613,0.3808824,0.1738358,0.4224616,0.3030038,0.4111598,0.0000000,0.0000000,0.0000000
962,train/Cherry_(including_sour)___healthy/0008f3d3-2f85-4973-be9a-1b520b8b59fc___JR_HL 4092.JPG,1,Cherry_(including_sour)___healthy,55,54,6,6,0.2957108,0.3906250,0.2479779,0.0285087,0.0282500,0.2758270,0.0000000,0.0000000,0.0000000
962,train/Cherry_(including_sour)___healthy/0008f3d3-2f85-4973-be9a-1b520b8b59fc___JR_HL 4092.JPG,1,Cherry_(including_sour)___healthy,56,55,6,7,0.2550245,0.2532476,0.2115809,0.0000000,0.0000000,0.0000000,0.1492376,0.4714647,0.1231539
962,train/Cherry_(including_sour)___healthy/0008f3d3-2f85-4973-be9a-1b520b8b59fc___JR_HL 4092.JPG,1,Cherry_(including_sour)___healthy,57,56,7,7,0.3770221,0.3348652,0.3259191,0.3938400,0.3104595,0.3338147,0.0000000,0.0000000,0.0000000
962,train/Cherry_(including_sour)___healthy/0008f3d3-2f85-4973-be9a-1b520b8b59fc___JR_HL 4092.JPG,1,Cherry_(including_sour)___healthy,58,57,7,6,0.3541667,0.4197304,0.2097427,0.0000000,0.2515920,0.0000000,0.0631440,0.0000000,0.3372491
962,train/Cherry_(including_sour)___healthy/0008f3d3-2f85-4973-be9a-1b520b8b59fc___JR_HL 4092.JPG,1,Cherry_(including_sour)___healthy,59,58,7,5,0.4181986,0.4447917,0.3217525,0.1691576,0.0648498,0.3307115,0.0000000,0.0000000,0.0000000
962,train/Cherry_(including_sour)___healthy/0008f3d3-2f85-4973-be9a-1b520b8b59fc___JR_HL 4092.JPG,1,Cherry_(including_sour)___healthy,60,59,7,4,0.6087623,0.5724878,0.5284314,0.3786208,0.2808143,0.3814839,0.0000000,0.0000000,0.0000000
962,train/Cherry_(including_sour)___healthy/0008f3d3-2f85-4973-be9a-1b520b8b59fc___JR_HL 4092.JPG,1,Cherry_(including_sour)___healthy,61,60,7,3,0.7205883,0.6464461,0.6479779,0.1716412,0.1357341,0.1594672,0.0000000,0.0000000,0.0000000
962,train/Cherry_(including_sour)___healthy/0008f3d3-2f85-4973-be9a-1b520b8b59fc___JR_HL 4092.JPG,1,Cherry_(including_sour)___healthy,62,61,7,2,0.7354780,0.6628677,0.6639093,0.0208652,0.0280577,0.0190568,0.0000000,0.0000000,0.0000000
962,train/Cherry_(including_sour)___healthy/0008f3d3-2f85-4973-be9a-1b520b8b59fc___JR_HL 4092.JPG,1,Cherry_(including_sour)___healthy,63,62,7,1,0.7332108,0.6626226,0.6626226,0.0000000,0.0000000,0.0000000,0.0031184,0.0004086,0.0015083
962,train/Cherry_(including_sour)___healthy/0008f3d3-2f85-4973-be9a-1b520b8b59fc___JR_HL 4092.JPG,1,Cherry_(including_sour)___healthy,64,63,7,0,0.7378064,0.6671569,0.6672181,0.0063744,0.0076280,0.0054229,0.0000000,0.0000000,0.0000000
1509,train/Corn_(maize)___Common_rust_/RS_Rust 1565.JPG,2,Corn_(maize)___Common_rust_,1,0,0,0,0.0990196,0.1034314,0.0810662,0.0000000,0.0000000,0.0000000,0.0000000,0.0000000,0.0000000
1509,train/Corn_(maize)___Common_rust_/RS_Rust 1565.JPG,2,Corn_(maize)___Common_rust_,2,1,0,1,0.5234681,0.5522672,0.4155637,1.0000000,1.0000000,1.0000000,0.0000000,0.0000000,0.0000000
1509,train/Corn_(maize)___Common_rust_/RS_Rust 1565.JPG,2,Corn_(maize)___Common_rust_,3,2,0,2,0.5410540,0.5651961,0.4126838,0.0337075,0.0258827,0.0000000,0.0000000,0.0000000,0.0054068
1509,train/Corn_(maize)___Common_rust_/RS_Rust 1565.JPG,2,Corn_(maize)___Common_rust_,4,3,0,3,0.5704044,0.5908701,0.4163603,0.0538815,0.0496814,0.0069589,0.0000000,0.0000000,0.0000000
1509,train/Corn_(maize)___Common_rust_/RS_Rust 1565.JPG,2,Corn_(maize)___Common_rust_,5,4,0,4,0.5159314,0.5583333,0.3867647,0.0000000,0.0000000,0.0000000,0.1012958,0.0625622,0.0573017
1509,train/Corn_(maize)___Common_rust_/RS_Rust 1565.JPG,2,Corn_(maize)___Common_rust_,6,5,0,5,0.4900123,0.5579044,0.4137868,0.0000000,0.0000000,0.0529690,0.0520499,0.0008491,0.0000000
1509,train/Corn_(maize)___Common_rust_/RS_Rust 1565.JPG,2,Corn_(maize)___Common_rust_,7,6,0,6,0.0716912,0.0761029,0.0621324,0.0000000,0.0000000,0.0000000,1.0000000,1.0000000,1.0000000
1509,train/Corn_(maize)___Common_rust_/RS_Rust 1565.JPG,2,Corn_(maize)___Common_rust_,8,7,0,7,0.0117647,0.0118260,0.0117647,0.0000000,0.0000000,0.0000000,1.0000000,1.0000000,1.0000000
1509,train/Corn_(maize)___Common_rust_/RS_Rust 1565.JPG,2,Corn_(maize)___Common_rust_,9,8,1,7,0.1240196,0.1329044,0.1050245,1.0000000,1.0000000,1.0000000,0.0000000,0.0000000,0.0000000
1509,train/Corn_(maize)___Common_rust_/RS_Rust 1565.JPG,2,Corn_(maize)___Common_rust_,10,9,1,6,0.4553922,0.5186275,0.3935662,1.0000000,1.0000000,0.9081484,0.0000000,0.0000000,0.0000000
1509,train/Corn_(maize)___Common_rust_/RS_Rust 1565.JPG,2,Corn_(maize)___Common_rust_,11,10,1,5,0.5343137,0.5962010,0.4298407,0.1627075,0.1556637,0.0691321,0.0000000,0.0000000,0.0000000
1509,train/Corn_(maize)___Common_rust_/RS_Rust 1565.JPG,2,Corn_(maize)___Common_rust_,12,11,1,4,0.5683824,0.6148897,0.4259191,0.0630401,0.0345211,0.0000000,0.0000000,0.0000000,0.0071258
1509,train/Corn_(maize)___Common_rust_/RS_Rust 1565.JPG,2,Corn_(maize)___Common_rust_,13,12,1,3,0.5770833,0.5988971,0.4312500,0.0154990,0.0000000,0.0097595,0.0000000,0.0291147,0.0000000
1509,train/Corn_(maize)___Common_rust_/RS_Rust 1565.JPG,2,Corn_(maize)___Common_rust_,14,13,1,2,0.5494485,0.5651348,0.4189951,0.0000000,0.0000000,0.0000000,0.0495549,0.0640915,0.0224124
1509,train/Corn_(maize)___Common_rust_/RS_Rust 1565.JPG,2,Corn_(maize)___Common_rust_,15,14,1,1,0.6622549,0.6429535,0.5293505,0.1899571,0.1441009,0.1826080,0.0000000,0.0000000,0.0000000
1509,train/Corn_(maize)___Common_rust_/RS_Rust 1565.JPG,2,Corn_(maize)___Common_rust_,16,15,1,0,0.2392770,0.2515319,0.1787990,0.0000000,0.0000000,0.0000000,0.9477862,0.9669530,0.7697511
1509,train/Corn_(maize)___Common_rust_/RS_Rust 1565.JPG,2,Corn_(maize)___Common_rust_,17,16,2,0,0.2883579,0.2916667,0.2150123,0.1898002,0.1652890,0.1443017,0.0000000,0.0000000,0.0000000
1509,train/Corn_(maize)___Common_rust_/RS_Rust 1565.JPG,2,Corn_(maize)___Common_rust_,18,17,2,1,0.6234682,0.5935049,0.4648897,0.7498836,0.7628312,0.5767311,0.0000000,0.0000000,0.0000000
1509,train/Corn_(maize)___Common_rust_/RS_Rust 1565.JPG,2,Corn_(maize)___Common_rust_,19,18,2,2,0.5181373,0.5388480,0.4052696,0.0000000,0.0000000,0.0000000,0.1863861,0.1066588,0.1065412
1509,train/Corn_(maize)___Common_rust_/RS_Rust 1565.JPG,2,Corn_(maize)___Common_rust_,20,19,2,3,0.5460172,0.5588235,0.4136029,0.0534570,0.0407105,0.0159696,0.0000000,0.0000000,0.0000000
1509,train/Corn_(maize)___Common_rust_/RS_Rust 1565.JPG,2,Corn_(maize)___Common_rust_,21,20,2,4,0.5297182,0.5729780,0.4126838,0.0000000,0.0279772,0.0000000,0.0306076,0.0000000,0.0017296
1509,train/Corn_(maize)___Common_rust_/RS_Rust 1565.JPG,2,Corn_(maize)___Common_rust_,22,21,2,5,0.4997549,0.5496324,0.4018995,0.0000000,0.0000000,0.0000000,0.0587960,0.0459526,0.0205864
1509,train/Corn_(maize)___Common_rust_/RS_Rust 1565.JPG,2,Corn_(maize)___Common_rust_,23,22,2,6,0.4442402,0.5252451,0.4025123,0.0000000,0.0000000,0.0011953,0.1187988,0.0501346,0.0000000
1509,train/Corn_(maize)___Common_rust_/RS_Rust 1565.JPG,2,Corn_(maize)___Common_rust_,24,23,2,7,0.1655637,0.1887255,0.1426471,0.0000000,0.0000000,0.0000000,0.9231740,1.0000000,0.7412214
1509,train/Corn_(maize)___Common_rust_/RS_Rust 1565.JPG,2,Corn_(maize)___Common_rust_,25,24,3,7,0.2696691,0.2990196,0.2160539,0.4880553,0.5058721,0.3211414,0.0000000,0.0000000,0.0000000
1509,train/Corn_(maize)___Common_rust_/RS_Rust 1565.JPG,2,Corn_(maize)___Common_rust_,26,25,3,6,0.4598652,0.5161765,0.3613358,0.5319536,0.5959271,0.3948525,0.0000000,0.0000000,0.0000000
1509,train/Corn_(maize)___Common_rust_/RS_Rust 1565.JPG,2,Corn_(maize)___Common_rust_,27,26,3,5,0.5555760,0.5621936,0.4179534,0.1923198,0.0954626,0.1140108,0.0000000,0.0000000,0.0000000
1509,train/Corn_(maize)___Common_rust_/RS_Rust 1565.JPG,2,Corn_(maize)___Common_rust_,28,27,3,4,0.5761642,0.5860907,0.4544730,0.0371186,0.0465561,0.0656886,0.0000000,0.0000000,0.0000000
1509,train/Corn_(maize)___Common_rust_/RS_Rust 1565.JPG,2,Corn_(maize)___Common_rust_,29,28,3,3,0.5093138,0.5419731,0.3992647,0.0000000,0.0000000,0.0000000,0.1244106,0.0864196,0.1005550
1509,train/Corn_(maize)___Common_rust_/RS_Rust 1565.JPG,2,Corn_(maize)___Common_rust_,30,29,3,2,0.5071691,0.5436275,0.4101716,0.0000000,0.0034093,0.0211451,0.0042621,0.0000000,0.0000000
1509,train/Corn_(maize)___Common_rust_/RS_Rust 1565.JPG,2,Corn_(maize)___Common_rust_,31,30,3,1,0.5022672,0.5042279,0.3516544,0.0000000,0.0000000,0.0000000,0.0098099,0.0830853,0.1194403
1509,train/Corn_(maize)___Common_rust_/RS_Rust 1565.JPG,2,Corn_(maize)___Common_rust_,32,31,3,0,0.2959559,0.2936275,0.2075368,0.0000000,0.0000000,0.0000000,0.5221224,0.5832691,0.4007561
1509,train/Corn_(maize)___Common_rust_/RS_Rust 1565.JPG,2,Corn_(maize)___Common_rust_,33,32,4,0,0.2011642,0.2143995,0.1581495,0.0000000,0.0000000,0.0000000,0.3851963,0.3446078,0.2100048
1509,train/Corn_(maize)___Common_rust_/RS_Rust 1565.JPG,2,Corn_(maize)___Common_rust_,34,33,4,1,0.4086397,0.4525123,0.3250613,0.6942156,0.7987222,0.5420542,0.0000000,0.0000000,0.0000000
1509,train/Corn_(maize)___Common_rust_/RS_Rust 1565.JPG,2,Corn_(maize)___Common_rust_,35,34,4,2,0.4799632,0.4983456,0.3610907,0.1637733,0.1078320,0.0824004,0.0000000,0.0000000,0.0000000
1509,train/Corn_(maize)___Common_rust_/RS_Rust 1565.JPG,2,Corn_(maize)___Common_rust_,36,35,4,3,0.5095589,0.5263481,0.3653186,0.0610267,0.0611341,0.0091336,0.0000000,0.0000000,0.0000000
1509,train/Corn_(maize)___Common_rust_/RS_Rust 1565.JPG,2,Corn_(maize)___Common_rust_,37,36,4,4,0.5493260,0.5743260,0.4290441,0.0766291,0.0975135,0.1258888,0.0000000,0.0000000,0.0000000
1509,train/Corn_(maize)___Common_rust_/RS_Rust 1565.JPG,2,Corn_(maize)___Common_rust_,38,37,4,5,0.6341912,0.5913603,0.4620711,0.1463097,0.0326908,0.0581604,0.0000000,0.0000000,0.0000000
1509,train/Corn_(maize)___Common_rust_/RS_Rust 1565.JPG,2,Corn_(maize)___Common_rust_,39,38,4,6,0.3949142,0.4661152,0.3205270,0.0000000,0.0000000,0.0000000,0.4696938,0.2617125,0.2812397
1509,train/Corn_(maize)___Common_rust_/RS_Rust 1565.JPG,2,Corn_(maize)___Common_rust_,40,39,4,7,0.3013480,0.3379902,0.2418505,0.0000000,0.0000000,0.0000000,0.2714686,0.3520908,0.2175406
1509,train/Corn_(maize)___Common_rust_/RS_Rust 1565.JPG,2,Corn_(maize)___Common_rust_,41,40,5,7,0.1943627,0.2170956,0.1332108,0.0000000,0.0000000,0.0000000,0.4359824,0.4812606,0.4504113
1509,train/Corn_(maize)___Common_rust_/RS_Rust 1565.JPG,2,Corn_(maize)___Common_rust_,42,41,5,6,0.3563726,0.4148897,0.2208946,0.6002278,0.7001448,0.3885787,0.0000000,0.0000000,0.0000000
1509,train/Corn_(maize)___Common_rust_/RS_Rust 1565.JPG,2,Corn_(maize)___Common_rust_,43,42,5,5,0.5823529,0.5068628,0.3882353,0.4911907,0.2232173,0.4311062,0.0000000,0.0000000,0.0000000
1509,train/Corn_(maize)___Common_rust_/RS_Rust 1565.JPG,2,Corn_(maize)___Common_rust_,44,43,5,4,0.4435662,0.4899510,0.2930147,0.0000000,0.0000000,0.0000000,0.2732805,0.0374894,0.2173441
1509,train/Corn_(maize)___Common_rust_/RS_Rust 1565.JPG,2,Corn_(maize)___Common_rust_,45,44,5,3,0.4257966,0.4622549,0.2573529,0.0000000,0.0000000,0.0000000,0.0412905,0.0642719,0.1007565
1509,train/Corn_(maize)___Common_rust_/RS_Rust 1565.JPG,2,Corn_(maize)___Common_rust_,46,45,5,2,0.3761030,0.4283088,0.2517157,0.0000000,0.0000000,0.0000000,0.1251855,0.0842284,0.0172193
1509,train/Corn_(maize)___Common_rust_/RS_Rust 1565.JPG,2,Corn_(maize)___Common_rust_,47,46,5,1,0.4027573,0.4426471,0.2804534,0.0698276,0.0368283,0.0847414,0.0000000,0.0000000,0.0000000
1509,train/Corn_(maize)___Common_rust_/RS_Rust 1565.JPG,2,Corn_(maize)___Common_rust_,48,47,5,0,0.0479779,0.0471814,0.0388480,0.0000000,0.0000000,0.0000000,1.0000000,1.0000000,1.0000000
1509,train/Corn_(maize)___Common_rust_/RS_Rust 1565.JPG,2,Corn_(maize)___Common_rust_,49,48,6,0,0.0117647,0.0117647,0.0117647,0.0000000,0.0000000,0.0000000,1.0000000,1.0000000,0.8320661
1509,train/Corn_(maize)___Common_rust_/RS_Rust 1565.JPG,2,Corn_(maize)___Common_rust_,50,49,6,1,0.1159314,0.1242647,0.0755515,1.0000000,1.0000000,1.0000000,0.0000000,0.0000000,0.0000000
1509,train/Corn_(maize)___Common_rust_/RS_Rust 1565.JPG,2,Corn_(maize)___Common_rust_,51,50,6,2,0.2942402,0.3638481,0.1825368,0.8870023,1.0000000,0.6505003,0.0000000,0.0000000,0.0000000
1509,train/Corn_(maize)___Common_rust_/RS_Rust 1565.JPG,2,Corn_(maize)___Common_rust_,52,51,6,3,0.3322304,0.3912378,0.1783701,0.1237338,0.0811470,0.0000000,0.0000000,0.0000000,0.0179521
1509,train/Corn_(maize)___Common_rust_/RS_Rust 1565.JPG,2,Corn_(maize)___Common_rust_,53,52,6,4,0.4009804,0.4358456,0.2254289,0.1913207,0.1206544,0.1828808,0.0000000,0.0000000,0.0000000
1509,train/Corn_(maize)___Common_rust_/RS_Rust 1565.JPG,2,Corn_(maize)___Common_rust_,54,53,6,5,0.5102941,0.4355392,0.3207108,0.2447617,0.0000000,0.2737783,0.0000000,0.0007769,0.0000000
1509,train/Corn_(maize)___Common_rust_/RS_Rust 1565.JPG,2,Corn_(maize)___Common_rust_,55,54,6,6,0.3517157,0.3909926,0.1874387,0.0000000,0.0000000,0.0000000,0.3716256,0.1190936,0.4078223
1509,train/Corn_(maize)___Common_rust_/RS_Rust 1565.JPG,2,Corn_(maize)___Common_rust_,56,55,6,7,0.1150735,0.1172181,0.0677696,0.0000000,0.0000000,0.0000000,1.0000000,1.0000000,0.7291378
1509,train/Corn_(maize)___Common_rust_/RS_Rust 1565.JPG,2,Corn_(maize)___Common_rust_,57,56,7,7,0.0118873,0.0120098,0.0119485,0.0000000,0.0000000,0.0000000,1.0000000,1.0000000,1.0000000
1509,train/Corn_(maize)___Common_rust_/RS_Rust 1565.JPG,2,Corn_(maize)___Common_rust_,58,57,7,6,0.1555147,0.1497549,0.1075980,1.0000000,1.0000000,1.0000000,0.0000000,0.0000000,0.0000000
1509,train/Corn_(maize)___Common_rust_/RS_Rust 1565.JPG,2,Corn_(maize)___Common_rust_,59,58,7,5,0.3953432,0.3821691,0.2321078,0.8883392,0.9774498,0.5751651,0.0000000,0.0000000,0.0000000
1509,train/Corn_(maize)___Common_rust_/RS_Rust 1565.JPG,2,Corn_(maize)___Common_rust_,60,59,7,4,0.3778186,0.3881128,0.1858456,0.0000000,0.0172617,0.0000000,0.0457877,0.0000000,0.1721163
1509,train/Corn_(maize)___Common_rust_/RS_Rust 1565.JPG,2,Corn_(maize)___Common_rust_,61,60,7,3,0.3178309,0.3479779,0.1865809,0.0000000,0.0000000,0.0030982,0.1741990,0.1204824,0.0000000
1509,train/Corn_(maize)___Common_rust_/RS_Rust 1565.JPG,2,Corn_(maize)___Common_rust_,62,61,7,2,0.0704044,0.0812500,0.0542279,0.0000000,0.0000000,0.0000000,1.0000000,1.0000000,0.8546407
1509,train/Corn_(maize)___Common_rust_/RS_Rust 1565.JPG,2,Corn_(maize)___Common_rust_,63,62,7,1,0.0117647,0.0117647,0.0116422,0.0000000,0.0000000,0.0000000,1.0000000,1.0000000,1.0000000
1509,train/Corn_(maize)___Common_rust_/RS_Rust 1565.JPG,2,Corn_(maize)___Common_rust_,64,63,7,0,0.0117647,0.0117647,0.0117647,0.0000000,0.0000000,0.0082156,0.0000000,0.0000000,0.0000000
2271,train/Corn_(maize)___healthy/00031d74-076e-4aef-b040-e068cd3576eb___R.S_HL 8315 copy 2.jpg,3,Corn_(maize)___healthy,1,0,0,0,0.4415441,0.6377451,0.4420343,0.0000000,0.0000000,0.0000000,0.0000000,0.0000000,0.0000000
2271,train/Corn_(maize)___healthy/00031d74-076e-4aef-b040-e068cd3576eb___R.S_HL 8315 copy 2.jpg,3,Corn_(maize)___healthy,2,1,0,1,0.3954657,0.6043505,0.3753064,0.0000000,0.0000000,0.0000000,0.1112092,0.0594095,0.1269487
2271,train/Corn_(maize)___healthy/00031d74-076e-4aef-b040-e068cd3576eb___R.S_HL 8315 copy 2.jpg,3,Corn_(maize)___healthy,3,2,0,2,0.3311275,0.5530025,0.2967525,0.0000000,0.0000000,0.0000000,0.1788757,0.0980374,0.1817540
2271,train/Corn_(maize)___healthy/00031d74-076e-4aef-b040-e068cd3576eb___R.S_HL 8315 copy 2.jpg,3,Corn_(maize)___healthy,4,3,0,3,0.3185662,0.5401961,0.2875613,0.0000000,0.0000000,0.0000000,0.0390570,0.0258857,0.0244595
2271,train/Corn_(maize)___healthy/00031d74-076e-4aef-b040-e068cd3576eb___R.S_HL 8315 copy 2.jpg,3,Corn_(maize)___healthy,5,4,0,4,0.3604780,0.5670344,0.3264706,0.1259378,0.0542248,0.0994386,0.0000000,0.0000000,0.0000000
2271,train/Corn_(maize)___healthy/00031d74-076e-4aef-b040-e068cd3576eb___R.S_HL 8315 copy 2.jpg,3,Corn_(maize)___healthy,6,5,0,5,0.4286152,0.6139094,0.4193015,0.1761872,0.0887961,0.1953346,0.0000000,0.0000000,0.0000000
2271,train/Corn_(maize)___healthy/00031d74-076e-4aef-b040-e068cd3576eb___R.S_HL 8315 copy 2.jpg,3,Corn_(maize)___healthy,7,6,0,6,0.4157476,0.6055760,0.3965686,0.0000000,0.0000000,0.0000000,0.0307854,0.0151001,0.0433268
2271,train/Corn_(maize)___healthy/00031d74-076e-4aef-b040-e068cd3576eb___R.S_HL 8315 copy 2.jpg,3,Corn_(maize)___healthy,8,7,0,7,0.3576593,0.5732843,0.3082721,0.0000000,0.0000000,0.0000000,0.1517238,0.0605288,0.1947943
2271,train/Corn_(maize)___healthy/00031d74-076e-4aef-b040-e068cd3576eb___R.S_HL 8315 copy 2.jpg,3,Corn_(maize)___healthy,9,8,1,7,0.2859069,0.5051471,0.2226103,0.0000000,0.0000000,0.0000000,0.2252251,0.1396130,0.2509066
2271,train/Corn_(maize)___healthy/00031d74-076e-4aef-b040-e068cd3576eb___R.S_HL 8315 copy 2.jpg,3,Corn_(maize)___healthy,10,9,1,6,0.3678922,0.5819240,0.3067402,0.2558642,0.1579991,0.2494017,0.0000000,0.0000000,0.0000000
2271,train/Corn_(maize)___healthy/00031d74-076e-4aef-b040-e068cd3576eb___R.S_HL 8315 copy 2.jpg,3,Corn_(maize)___healthy,11,10,1,5,0.5560662,0.7223652,0.5181373,0.4155520,0.2408809,0.4021632,0.0000000,0.0000000,0.0000000
2271,train/Corn_(maize)___healthy/00031d74-076e-4aef-b040-e068cd3576eb___R.S_HL 8315 copy 2.jpg,3,Corn_(maize)___healthy,12,11,1,4,0.5069853,0.6840073,0.4756740,0.0000000,0.0000000,0.0000000,0.0932679,0.0602682,0.0664405
2271,train/Corn_(maize)___healthy/00031d74-076e-4aef-b040-e068cd3576eb___R.S_HL 8315 copy 2.jpg,3,Corn_(maize)___healthy,13,12,1,3,0.4283701,0.6308824,0.3669118,0.0000000,0.0000000,0.0000000,0.1697867,0.0892778,0.2007186
2271,train/Corn_(maize)___healthy/00031d74-076e-4aef-b040-e068cd3576eb___R.S_HL 8315 copy 2.jpg,3,Corn_(maize)___healthy,14,13,1,2,0.4435662,0.6458946,0.3681373,0.0355603,0.0263035,0.0026163,0.0000000,0.0000000,0.0000000
2271,train/Corn_(maize)___healthy/00031d74-076e-4aef-b040-e068cd3576eb___R.S_HL 8315 copy 2.jpg,3,Corn_(maize)___healthy,15,14,1,1,0.4622549,0.6618260,0.3985907,0.0420974,0.0272534,0.0623286,0.0000000,0.0000000,0.0000000
2271,train/Corn_(maize)___healthy/00031d74-076e-4aef-b040-e068cd3576eb___R.S_HL 8315 copy 2.jpg,3,Corn_(maize)___healthy,16,15,1,0,0.4882966,0.6832108,0.4365196,0.0559000,0.0355674,0.0712721,0.0000000,0.0000000,0.0000000
2271,train/Corn_(maize)___healthy/00031d74-076e-4aef-b040-e068cd3576eb___R.S_HL 8315 copy 2.jpg,3,Corn_(maize)___healthy,17,16,2,0,0.4278799,0.6316789,0.3386642,0.0000000,0.0000000,0.0000000,0.1332145,0.0866005,0.1962924
2271,train/Corn_(maize)___healthy/00031d74-076e-4aef-b040-e068cd3576eb___R.S_HL 8315 copy 2.jpg,3,Corn_(maize)___healthy,18,17,2,1,0.4319853,0.6351103,0.3538603,0.0097419,0.0060596,0.0344341,0.0000000,0.0000000,0.0000000
2271,train/Corn_(maize)___healthy/00031d74-076e-4aef-b040-e068cd3576eb___R.S_HL 8315 copy 2.jpg,3,Corn_(maize)___healthy,19,18,2,2,0.4624387,0.6536152,0.4055760,0.0694722,0.0321224,0.1068621,0.0000000,0.0000000,0.0000000
2271,train/Corn_(maize)___healthy/00031d74-076e-4aef-b040-e068cd3576eb___R.S_HL 8315 copy 2.jpg,3,Corn_(maize)___healthy,20,19,2,3,0.5073529,0.6958946,0.4545956,0.0944982,0.0700865,0.0894288,0.0000000,0.0000000,0.0000000
2271,train/Corn_(maize)___healthy/00031d74-076e-4aef-b040-e068cd3576eb___R.S_HL 8315 copy 2.jpg,3,Corn_(maize)___healthy,21,20,2,4,0.6985294,0.8235907,0.6818015,0.3234802,0.1880022,0.3137491,0.0000000,0.0000000,0.0000000
2271,train/Corn_(maize)___healthy/00031d74-076e-4aef-b040-e068cd3576eb___R.S_HL 8315 copy 2.jpg,3,Corn_(maize)___healthy,22,21,2,5,0.4950368,0.6838848,0.4509191,0.0000000,0.0000000,0.0000000,0.3444102,0.2047852,0.3169507
2271,train/Corn_(maize)___healthy/00031d74-076e-4aef-b040-e068cd3576eb___R.S_HL 8315 copy 2.jpg,3,Corn_(maize)___healthy,23,22,2,6,0.4099265,0.6142157,0.3919730,0.0000000,0.0000000,0.0000000,0.1899875,0.1185948,0.1087443
2271,train/Corn_(maize)___healthy/00031d74-076e-4aef-b040-e068cd3576eb___R.S_HL 8315 copy 2.jpg,3,Corn_(maize)___healthy,24,23,2,7,0.3468137,0.5568015,0.3200980,0.0000000,0.0000000,0.0000000,0.1684782,0.1083404,0.1569560
2271,train/Corn_(maize)___healthy/00031d74-076e-4aef-b040-e068cd3576eb___R.S_HL 8315 copy 2.jpg,3,Corn_(maize)___healthy,25,24,3,7,0.4199142,0.6158088,0.4214461,0.1945346,0.1125730,0.2144722,0.0000000,0.0000000,0.0000000
2271,train/Corn_(maize)___healthy/00031d74-076e-4aef-b040-e068cd3576eb___R.S_HL 8315 copy 2.jpg,3,Corn_(maize)___healthy,26,25,3,6,0.4378676,0.6325368,0.4422794,0.0427060,0.0299771,0.0378509,0.0000000,0.0000000,0.0000000
2271,train/Corn_(maize)___healthy/00031d74-076e-4aef-b040-e068cd3576eb___R.S_HL 8315 copy 2.jpg,3,Corn_(maize)___healthy,27,26,3,5,0.4804534,0.6637255,0.4787377,0.0946211,0.0538253,0.0621186,0.0000000,0.0000000,0.0000000
2271,train/Corn_(maize)___healthy/00031d74-076e-4aef-b040-e068cd3576eb___R.S_HL 8315 copy 2.jpg,3,Corn_(maize)___healthy,28,27,3,4,0.7308823,0.8475490,0.7126226,0.4218306,0.2721069,0.3080718,0.0000000,0.0000000,0.0000000
2271,train/Corn_(maize)___healthy/00031d74-076e-4aef-b040-e068cd3576eb___R.S_HL 8315 copy 2.jpg,3,Corn_(maize)___healthy,29,28,3,3,0.6171569,0.7756740,0.5723652,0.0000000,0.0000000,0.0000000,0.1704234,0.0978439,0.1697268
2271,train/Corn_(maize)___healthy/00031d74-076e-4aef-b040-e068cd3576eb___R.S_HL 8315 copy 2.jpg,3,Corn_(maize)___healthy,30,29,3,2,0.5467525,0.7183211,0.5040441,0.0000000,0.0000000,0.0000000,0.1221953,0.0848283,0.0986964
2271,train/Corn_(maize)___healthy/00031d74-076e-4aef-b040-e068cd3576eb___R.S_HL 8315 copy 2.jpg,3,Corn_(maize)___healthy,31,30,3,1,0.5523285,0.7273897,0.5049633,0.0103517,0.0140327,0.0014295,0.0000000,0.0000000,0.0000000
2271,train/Corn_(maize)___healthy/00031d74-076e-4aef-b040-e068cd3576eb___R.S_HL 8315 copy 2.jpg,3,Corn_(maize)___healthy,32,31,3,0,0.6371936,0.7899510,0.6037378,0.1455711,0.0922368,0.1398052,0.0000000,0.0000000,0.0000000
2271,train/Corn_(maize)___healthy/00031d74-076e-4aef-b040-e068cd3576eb___R.S_HL 8315 copy 2.jpg,3,Corn_(maize)___healthy,33,32,4,0,0.7418505,0.8608456,0.7280025,0.1548488,0.0960731,0.1464271,0.0000000,0.0000000,0.0000000
2271,train/Corn_(maize)___healthy/00031d74-076e-4aef-b040-e068cd3576eb___R.S_HL 8315 copy 2.jpg,3,Corn_(maize)___healthy,34,33,4,1,0.7060662,0.8349265,0.6855392,0.0000000,0.0000000,0.0000000,0.0499256,0.0337744,0.0467120
2271,train/Corn_(maize)___healthy/00031d74-076e-4aef-b040-e068cd3576eb___R.S_HL 8315 copy 2.jpg,3,Corn_(maize)___healthy,35,34,4,2,0.6506128,0.7955883,0.6183824,0.0000000,0.0000000,0.0000000,0.0825705,0.0533119,0.0800871
2271,train/Corn_(maize)___healthy/00031d74-076e-4aef-b040-e068cd3576eb___R.S_HL 8315 copy 2.jpg,3,Corn_(maize)___healthy,36,35,4,3,0.6637255,0.8083333,0.6289828,0.0203565,0.0177763,0.0133359,0.0000000,0.0000000,0.0000000
2271,train/Corn_(maize)___healthy/00031d74-076e-4aef-b040-e068cd3576eb___R.S_HL 8315 copy 2.jpg,3,Corn_(maize)___healthy,37,36,4,4,0.7250613,0.8409926,0.7112132,0.0901149,0.0442978,0.0962846,0.0000000,0.0000000,0.0000000
2271,train/Corn_(maize)___healthy/00031d74-076e-4aef-b040-e068cd3576eb___R.S_HL 8315 copy 2.jpg,3,Corn_(maize)___healthy,38,37,4,5,0.4580882,0.6405025,0.4813113,0.0000000,0.0000000,0.0000000,0.4558286,0.2990384,0.2997775
2271,train/Corn_(maize)___healthy/00031d74-076e-4aef-b040-e068cd3576eb___R.S_HL 8315 copy 2.jpg,3,Corn_(maize)___healthy,39,38,4,6,0.4291054,0.6194853,0.4601103,0.0000000,0.0000000,0.0000000,0.0659928,0.0368588,0.0350183
2271,train/Corn_(maize)___healthy/00031d74-076e-4aef-b040-e068cd3576eb___R.S_HL 8315 copy 2.jpg,3,Corn_(maize)___healthy,40,39,4,7,0.4353554,0.6179535,0.4601103,0.0147520,0.0000000,0.0000000,0.0000000,0.0027354,0.0000000
2271,train/Corn_(maize)___healthy/00031d74-076e-4aef-b040-e068cd3576eb___R.S_HL 8315 copy 2.jpg,3,Corn_(maize)___healthy,41,40,5,7,0.3108456,0.5046569,0.3087010,0.0000000,0.0000000,0.0000000,0.3370709,0.2230088,0.3062361
2271,train/Corn_(maize)___healthy/00031d74-076e-4aef-b040-e068cd3576eb___R.S_HL 8315 copy 2.jpg,3,Corn_(maize)___healthy,42,41,5,6,0.4118873,0.5973039,0.4462623,0.2852598,0.1880821,0.2859322,0.0000000,0.0000000,0.0000000
2271,train/Corn_(maize)___healthy/00031d74-076e-4aef-b040-e068cd3576eb___R.S_HL 8315 copy 2.jpg,3,Corn_(maize)___healthy,43,42,5,5,0.4565564,0.6371936,0.4950368,0.1049503,0.0722857,0.0813127,0.0000000,0.0000000,0.0000000
2271,train/Corn_(maize)___healthy/00031d74-076e-4aef-b040-e068cd3576eb___R.S_HL 8315 copy 2.jpg,3,Corn_(maize)___healthy,44,43,5,4,0.7106005,0.8269608,0.7081496,0.4441177,0.2899453,0.2779519,0.0000000,0.0000000,0.0000000
2271,train/Corn_(maize)___healthy/00031d74-076e-4aef-b040-e068cd3576eb___R.S_HL 8315 copy 2.jpg,3,Corn_(maize)___healthy,45,44,5,3,0.6609682,0.8064339,0.6401348,0.0000000,0.0000000,0.0000000,0.0731006,0.0277694,0.0784414
2271,train/Corn_(maize)___healthy/00031d74-076e-4aef-b040-e068cd3576eb___R.S_HL 8315 copy 2.jpg,3,Corn_(maize)___healthy,46,45,5,2,0.6310049,0.7812500,0.6028799,0.0000000,0.0000000,0.0000000,0.0468500,0.0350503,0.0466048
2271,train/Corn_(maize)___healthy/00031d74-076e-4aef-b040-e068cd3576eb___R.S_HL 8315 copy 2.jpg,3,Corn_(maize)___healthy,47,46,5,1,0.6349878,0.7871937,0.6055760,0.0064192,0.0084775,0.0035010,0.0000000,0.0000000,0.0000000
2271,train/Corn_(maize)___healthy/00031d74-076e-4aef-b040-e068cd3576eb___R.S_HL 8315 copy 2.jpg,3,Corn_(maize)___healthy,48,47,5,0,0.6212010,0.7803922,0.5916667,0.0000000,0.0000000,0.0000000,0.0221708,0.0095875,0.0180653
2271,train/Corn_(maize)___healthy/00031d74-076e-4aef-b040-e068cd3576eb___R.S_HL 8315 copy 2.jpg,3,Corn_(maize)___healthy,49,48,6,0,0.6180148,0.7708334,0.5952819,0.0000000,0.0000000,0.0047796,0.0051940,0.0136164,0.0000000
2271,train/Corn_(maize)___healthy/00031d74-076e-4aef-b040-e068cd3576eb___R.S_HL 8315 copy 2.jpg,3,Corn_(maize)___healthy,50,49,6,1,0.6227329,0.7620098,0.5974877,0.0077590,0.0000000,0.0029021,0.0000000,0.0127198,0.0000000
2271,train/Corn_(maize)___healthy/00031d74-076e-4aef-b040-e068cd3576eb___R.S_HL 8315 copy 2.jpg,3,Corn_(maize)___healthy,51,50,6,2,0.6525123,0.7782475,0.6324142,0.0476475,0.0235838,0.0445633,0.0000000,0.0000000,0.0000000
2271,train/Corn_(maize)___healthy/00031d74-076e-4aef-b040-e068cd3576eb___R.S_HL 8315 copy 2.jpg,3,Corn_(maize)___healthy,52,51,6,3,0.6106005,0.7443628,0.5973652,0.0000000,0.0000000,0.0000000,0.0670297,0.0491756,0.0443172
2271,train/Corn_(maize)___healthy/00031d74-076e-4aef-b040-e068cd3576eb___R.S_HL 8315 copy 2.jpg,3,Corn_(maize)___healthy,53,52,6,4,0.5878677,0.7316177,0.5941789,0.0000000,0.0000000,0.0000000,0.0383179,0.0190808,0.0041581
2271,train/Corn_(maize)___healthy/00031d74-076e-4aef-b040-e068cd3576eb___R.S_HL 8315 copy 2.jpg,3,Corn_(maize)___healthy,54,53,6,5,0.4891544,0.6541667,0.5014706,0.0000000,0.0000000,0.0000000,0.1851504,0.1234995,0.1315742
2271,train/Corn_(maize)___healthy/00031d74-076e-4aef-b040-e068cd3576eb___R.S_HL 8315 copy 2.jpg,3,Corn_(maize)___healthy,55,54,6,6,0.2843750,0.4718750,0.2854167,0.0000000,0.0000000,0.0000000,0.5347897,0.3577226,0.4269463
2271,train/Corn_(maize)___healthy/00031d74-076e-4aef-b040-e068cd3576eb___R.S_HL 8315 copy 2.jpg,3,Corn_(maize)___healthy,56,55,6,7,0.1824142,0.3740809,0.1659314,0.0000000,0.0000000,0.0000000,0.4412509,0.2554458,0.4116480
2271,train/Corn_(maize)___healthy/00031d74-076e-4aef-b040-e068cd3576eb___R.S_HL 8315 copy 2.jpg,3,Corn_(maize)___healthy,57,56,7,7,0.2047181,0.3924020,0.2019608,0.1175545,0.0534724,0.1536840,0.0000000,0.0000000,0.0000000
2271,train/Corn_(maize)___healthy/00031d74-076e-4aef-b040-e068cd3576eb___R.S_HL 8315 copy 2.jpg,3,Corn_(maize)___healthy,58,57,7,6,0.3561887,0.5369486,0.3547794,0.5510047,0.3479446,0.4307410,0.0000000,0.0000000,0.0000000
2271,train/Corn_(maize)___healthy/00031d74-076e-4aef-b040-e068cd3576eb___R.S_HL 8315 copy 2.jpg,3,Corn_(maize)___healthy,59,58,7,5,0.3863358,0.5701593,0.3803309,0.0828423,0.0671074,0.0545451,0.0000000,0.0000000,0.0000000
2271,train/Corn_(maize)___healthy/00031d74-076e-4aef-b040-e068cd3576eb___R.S_HL 8315 copy 2.jpg,3,Corn_(maize)___healthy,60,59,7,4,0.3088235,0.5032476,0.2960172,0.0000000,0.0000000,0.0000000,0.2252473,0.1377438,0.1938436
2271,train/Corn_(maize)___healthy/00031d74-076e-4aef-b040-e068cd3576eb___R.S_HL 8315 copy 2.jpg,3,Corn_(maize)___healthy,61,60,7,3,0.3321691,0.5169118,0.3001226,0.0743138,0.0299640,0.0108068,0.0000000,0.0000000,0.0000000
2271,train/Corn_(maize)___healthy/00031d74-076e-4aef-b040-e068cd3576eb___R.S_HL 8315 copy 2.jpg,3,Corn_(maize)___healthy,62,61,7,2,0.4590074,0.6311275,0.4129902,0.3271107,0.2225619,0.2483728,0.0000000,0.0000000,0.0000000
2271,train/Corn_(maize)___healthy/00031d74-076e-4aef-b040-e068cd3576eb___R.S_HL 8315 copy 2.jpg,3,Corn_(maize)___healthy,63,62,7,1,0.4866422,0.6548407,0.4432598,0.0596272,0.0412517,0.0554752,0.0000000,0.0000000,0.0000000
2271,train/Corn_(maize)___healthy/00031d74-076e-4aef-b040-e068cd3576eb___R.S_HL 8315 copy 2.jpg,3,Corn_(maize)___healthy,64,63,7,0,0.4838235,0.6492648,0.4474265,0.0000000,0.0000000,0.0073411,0.0058672,0.0094480,0.0000000
3014,train/Grape___Leaf_blight_(Isariopsis_Leaf_Spot)/0001aa74-bbd7-433b-a900-1dccab39d521___FAM_L.Blight 4508.JPG,4,Grape___Leaf_blight_(Isariopsis_Leaf_Spot),1,0,0,0,0.5878064,0.5721201,0.5623162,0.0000000,0.0000000,0.0000000,0.0000000,0.0000000,0.0000000
3014,train/Grape___Leaf_blight_(Isariopsis_Leaf_Spot)/0001aa74-bbd7-433b-a900-1dccab39d521___FAM_L.Blight 4508.JPG,4,Grape___Leaf_blight_(Isariopsis_Leaf_Spot),2,1,0,1,0.6165441,0.5978554,0.5860294,0.0486875,0.0492078,0.0324049,0.0000000,0.0000000,0.0000000
3014,train/Grape___Leaf_blight_(Isariopsis_Leaf_Spot)/0001aa74-bbd7-433b-a900-1dccab39d521___FAM_L.Blight 4508.JPG,4,Grape___Leaf_blight_(Isariopsis_Leaf_Spot),3,2,0,2,0.6011642,0.5792280,0.5514706,0.0000000,0.0000000,0.0000000,0.0255143,0.0349687,0.0472423
3014,train/Grape___Leaf_blight_(Isariopsis_Leaf_Spot)/0001aa74-bbd7-433b-a900-1dccab39d521___FAM_L.Blight 4508.JPG,4,Grape___Leaf_blight_(Isariopsis_Leaf_Spot),4,3,0,3,0.3935662,0.4068628,0.2432598,0.0000000,0.0000000,0.0000000,0.4215912,0.3862484,0.6030476
3014,train/Grape___Leaf_blight_(Isariopsis_Leaf_Spot)/0001aa74-bbd7-433b-a900-1dccab39d521___FAM_L.Blight 4508.JPG,4,Grape___Leaf_blight_(Isariopsis_Leaf_Spot),5,4,0,4,0.2999387,0.2799020,0.2345588,0.0000000,0.0000000,0.0000000,0.2727264,0.4085031,0.0283158
3014,train/Grape___Leaf_blight_(Isariopsis_Leaf_Spot)/0001aa74-bbd7-433b-a900-1dccab39d521___FAM_L.Blight 4508.JPG,4,Grape___Leaf_blight_(Isariopsis_Leaf_Spot),6,5,0,5,0.5954657,0.5585784,0.5446079,0.6734354,0.7435138,0.6244430,0.0000000,0.0000000,0.0000000
3014,train/Grape___Leaf_blight_(Isariopsis_Leaf_Spot)/0001aa74-bbd7-433b-a900-1dccab39d521___FAM_L.Blight 4508.JPG,4,Grape___Leaf_blight_(Isariopsis_Leaf_Spot),7,6,0,6,0.5979167,0.5587010,0.5508578,0.0041906,0.0002454,0.0089531,0.0000000,0.0000000,0.0000000
3014,train/Grape___Leaf_blight_(Isariopsis_Leaf_Spot)/0001aa74-bbd7-433b-a900-1dccab39d521___FAM_L.Blight 4508.JPG,4,Grape___Leaf_blight_(Isariopsis_Leaf_Spot),8,7,0,7,0.5773897,0.5381740,0.5303309,0.0000000,0.0000000,0.0000000,0.0352815,0.0413524,0.0295221
3014,train/Grape___Leaf_blight_(Isariopsis_Leaf_Spot)/0001aa74-bbd7-433b-a900-1dccab39d521___FAM_L.Blight 4508.JPG,4,Grape___Leaf_blight_(Isariopsis_Leaf_Spot),9,8,1,7,0.5954657,0.5562500,0.5493873,0.0314468,0.0369486,0.0276964,0.0000000,0.0000000,0.0000000
3014,train/Grape___Leaf_blight_(Isariopsis_Leaf_Spot)/0001aa74-bbd7-433b-a900-1dccab39d521___FAM_L.Blight 4508.JPG,4,Grape___Leaf_blight_(Isariopsis_Leaf_Spot),10,9,1,6,0.5833946,0.5486520,0.5356618,0.0000000,0.0000000,0.0000000,0.0206851,0.0151954,0.0196699
3014,train/Grape___Leaf_blight_(Isariopsis_Leaf_Spot)/0001aa74-bbd7-433b-a900-1dccab39d521___FAM_L.Blight 4508.JPG,4,Grape___Leaf_blight_(Isariopsis_Leaf_Spot),11,10,1,5,0.2086397,0.1957108,0.1304534,0.0000000,0.0000000,0.0000000,0.9558218,1.0000000,0.9459158
3014,train/Grape___Leaf_blight_(Isariopsis_Leaf_Spot)/0001aa74-bbd7-433b-a900-1dccab39d521___FAM_L.Blight 4508.JPG,4,Grape___Leaf_blight_(Isariopsis_Leaf_Spot),12,11,1,4,0.3864583,0.3858456,0.1672181,0.6096864,0.7313937,0.1938142,0.0000000,0.0000000,0.0000000
3014,train/Grape___Leaf_blight_(Isariopsis_Leaf_Spot)/0001aa74-bbd7-433b-a900-1dccab39d521___FAM_L.Blight 4508.JPG,4,Grape___Leaf_blight_(Isariopsis_Leaf_Spot),13,12,1,3,0.4419118,0.5353554,0.1767157,0.1365910,0.3630755,0.0433339,0.0000000,0.0000000,0.0000000
3014,train/Grape___Leaf_blight_(Isariopsis_Leaf_Spot)/0001aa74-bbd7-433b-a900-1dccab39d521___FAM_L.Blight 4508.JPG,4,Grape___Leaf_blight_(Isariopsis_Leaf_Spot),14,13,1,2,0.4930760,0.5273284,0.3186888,0.1116551,0.0000000,0.4497162,0.0000000,0.0166909,0.0000000
3014,train/Grape___Leaf_blight_(Isariopsis_Leaf_Spot)/0001aa74-bbd7-433b-a900-1dccab39d521___FAM_L.Blight 4508.JPG,4,Grape___Leaf_blight_(Isariopsis_Leaf_Spot),15,14,1,1,0.6368873,0.6193015,0.6060662,0.2596849,0.1794400,0.4876620,0.0000000,0.0000000,0.0000000
3014,train/Grape___Leaf_blight_(Isariopsis_Leaf_Spot)/0001aa74-bbd7-433b-a900-1dccab39d521___FAM_L.Blight 4508.JPG,4,Grape___Leaf_blight_(Isariopsis_Leaf_Spot),16,15,1,0,0.6200981,0.6034314,0.5954657,0.0000000,0.0000000,0.0000000,0.0269820,0.0286802,0.0137188
3014,train/Grape___Leaf_blight_(Isariopsis_Leaf_Spot)/0001aa74-bbd7-433b-a900-1dccab39d521___FAM_L.Blight 4508.JPG,4,Grape___Leaf_blight_(Isariopsis_Leaf_Spot),17,16,2,0,0.6555147,0.6397059,0.6318628,0.0566509,0.0652776,0.0465370,0.0000000,0.0000000,0.0000000
3014,train/Grape___Leaf_blight_(Isariopsis_Leaf_Spot)/0001aa74-bbd7-433b-a900-1dccab39d521___FAM_L.Blight 4508.JPG,4,Grape___Leaf_blight_(Isariopsis_Leaf_Spot),18,17,2,1,0.5785539,0.5662990,0.5143383,0.0000000,0.0000000,0.0000000,0.1259807,0.1344998,0.1594379
3014,train/Grape___Leaf_blight_(Isariopsis_Leaf_Spot)/0001aa74-bbd7-433b-a900-1dccab39d521___FAM_L.Blight 4508.JPG,4,Grape___Leaf_blight_(Isariopsis_Leaf_Spot),19,18,2,2,0.2868260,0.3575980,0.0797181,0.0000000,0.0000000,0.0000000,0.6809965,0.4991543,1.0000000
3014,train/Grape___Leaf_blight_(Isariopsis_Leaf_Spot)/0001aa74-bbd7-433b-a900-1dccab39d521___FAM_L.Blight 4508.JPG,4,Grape___Leaf_blight_(Isariopsis_Leaf_Spot),20,19,2,3,0.4251838,0.5337010,0.2311275,0.3964932,0.4420027,0.7643632,0.0000000,0.0000000,0.0000000
3014,train/Grape___Leaf_blight_(Isariopsis_Leaf_Spot)/0001aa74-bbd7-433b-a900-1dccab39d521___FAM_L.Blight 4508.JPG,4,Grape___Leaf_blight_(Isariopsis_Leaf_Spot),21,20,2,4,0.5813113,0.6541667,0.3110907,0.3165087,0.2268700,0.2314243,0.0000000,0.0000000,0.0000000
3014,train/Grape___Leaf_blight_(Isariopsis_Leaf_Spot)/0001aa74-bbd7-433b-a900-1dccab39d521___FAM_L.Blight 4508.JPG,4,Grape___Leaf_blight_(Isariopsis_Leaf_Spot),22,21,2,5,0.4145221,0.4786152,0.1841299,0.0000000,0.0000000,0.0000000,0.3383413,0.3424460,0.3986522
3014,train/Grape___Leaf_blight_(Isariopsis_Leaf_Spot)/0001aa74-bbd7-433b-a900-1dccab39d521___FAM_L.Blight 4508.JPG,4,Grape___Leaf_blight_(Isariopsis_Leaf_Spot),23,22,2,6,0.3275735,0.3474877,0.1726103,0.0000000,0.0000000,0.0000000,0.2366879,0.3507465,0.0502121
3014,train/Grape___Leaf_blight_(Isariopsis_Leaf_Spot)/0001aa74-bbd7-433b-a900-1dccab39d521___FAM_L.Blight 4508.JPG,4,Grape___Leaf_blight_(Isariopsis_Leaf_Spot),24,23,2,7,0.4976716,0.4778799,0.4172181,0.4205662,0.3534155,0.6507846,0.0000000,0.0000000,0.0000000
3014,train/Grape___Leaf_blight_(Isariopsis_Leaf_Spot)/0001aa74-bbd7-433b-a900-1dccab39d521___FAM_L.Blight 4508.JPG,4,Grape___Leaf_blight_(Isariopsis_Leaf_Spot),25,24,3,7,0.4162377,0.4590074,0.1952819,0.0000000,0.0000000,0.0000000,0.1800012,0.0445120,0.5634373
3014,train/Grape___Leaf_blight_(Isariopsis_Leaf_Spot)/0001aa74-bbd7-433b-a900-1dccab39d521___FAM_L.Blight 4508.JPG,4,Grape___Leaf_blight_(Isariopsis_Leaf_Spot),26,25,3,6,0.4511029,0.5118873,0.1798407,0.0820201,0.1218429,0.0000000,0.0000000,0.0000000,0.0640074
3014,train/Grape___Leaf_blight_(Isariopsis_Leaf_Spot)/0001aa74-bbd7-433b-a900-1dccab39d521___FAM_L.Blight 4508.JPG,4,Grape___Leaf_blight_(Isariopsis_Leaf_Spot),27,26,3,5,0.4875000,0.5735907,0.2055147,0.0791230,0.1271658,0.1045502,0.0000000,0.0000000,0.0000000
3014,train/Grape___Leaf_blight_(Isariopsis_Leaf_Spot)/0001aa74-bbd7-433b-a900-1dccab39d521___FAM_L.Blight 4508.JPG,4,Grape___Leaf_blight_(Isariopsis_Leaf_Spot),28,27,3,4,0.5305760,0.6106005,0.3071691,0.0863323,0.0699161,0.3111495,0.0000000,0.0000000,0.0000000
3014,train/Grape___Leaf_blight_(Isariopsis_Leaf_Spot)/0001aa74-bbd7-433b-a900-1dccab39d521___FAM_L.Blight 4508.JPG,4,Grape___Leaf_blight_(Isariopsis_Leaf_Spot),29,28,3,3,0.3781250,0.4539216,0.1672181,0.0000000,0.0000000,0.0000000,0.3389088,0.3252295,0.4587395
3014,train/Grape___Leaf_blight_(Isariopsis_Leaf_Spot)/0001aa74-bbd7-433b-a900-1dccab39d521___FAM_L.Blight 4508.JPG,4,Grape___Leaf_blight_(Isariopsis_Leaf_Spot),30,29,3,2,0.3316177,0.4522059,0.1593137,0.0000000,0.0000000,0.0000000,0.1323714,0.0041839,0.0376415
3014,train/Grape___Leaf_blight_(Isariopsis_Leaf_Spot)/0001aa74-bbd7-433b-a900-1dccab39d521___FAM_L.Blight 4508.JPG,4,Grape___Leaf_blight_(Isariopsis_Leaf_Spot),31,30,3,1,0.4284927,0.5087010,0.2599877,0.2600477,0.1315259,0.3767761,0.0000000,0.0000000,0.0000000
3014,train/Grape___Leaf_blight_(Isariopsis_Leaf_Spot)/0001aa74-bbd7-433b-a900-1dccab39d521___FAM_L.Blight 4508.JPG,4,Grape___Leaf_blight_(Isariopsis_Leaf_Spot),32,31,3,0,0.6177083,0.6128677,0.5402574,0.3690287,0.2077708,0.5495988,0.0000000,0.0000000,0.0000000
3014,train/Grape___Leaf_blight_(Isariopsis_Leaf_Spot)/0001aa74-bbd7-433b-a900-1dccab39d521___FAM_L.Blight 4508.JPG,4,Grape___Leaf_blight_(Isariopsis_Leaf_Spot),33,32,4,0,0.6248162,0.6581495,0.4824755,0.0116722,0.0796994,0.0000000,0.0000000,0.0000000,0.0878524
3014,train/Grape___Leaf_blight_(Isariopsis_Leaf_Spot)/0001aa74-bbd7-433b-a900-1dccab39d521___FAM_L.Blight 4508.JPG,4,Grape___Leaf_blight_(Isariopsis_Leaf_Spot),34,33,4,1,0.5141544,0.6171569,0.3530637,0.0000000,0.0000000,0.0000000,0.1962722,0.0710274,0.2408410
3014,train/Grape___Leaf_blight_(Isariopsis_Leaf_Spot)/0001aa74-bbd7-433b-a900-1dccab39d521___FAM_L.Blight 4508.JPG,4,Grape___Leaf_blight_(Isariopsis_Leaf_Spot),35,34,4,2,0.4324755,0.5560049,0.2672794,0.0000000,0.0000000,0.0000000,0.1743024,0.1151824,0.2150301
3014,train/Grape___Leaf_blight_(Isariopsis_Leaf_Spot)/0001aa74-bbd7-433b-a900-1dccab39d521___FAM_L.Blight 4508.JPG,4,Grape___Leaf_blight_(Isariopsis_Leaf_Spot),36,35,4,3,0.3882353,0.5136642,0.2145221,0.0000000,0.0000000,0.0000000,0.1088932,0.0874666,0.1702700
3014,train/Grape___Leaf_blight_(Isariopsis_Leaf_Spot)/0001aa74-bbd7-433b-a900-1dccab39d521___FAM_L.Blight 4508.JPG,4,Grape___Leaf_blight_(Isariopsis_Leaf_Spot),37,36,4,4,0.4925245,0.5935049,0.2827206,0.2416017,0.1613214,0.2152282,0.0000000,0.0000000,0.0000000
3014,train/Grape___Leaf_blight_(Isariopsis_Leaf_Spot)/0001aa74-bbd7-433b-a900-1dccab39d521___FAM_L.Blight 4508.JPG,4,Grape___Leaf_blight_(Isariopsis_Leaf_Spot),38,37,4,5,0.5042892,0.5920343,0.2329044,0.0240815,0.0000000,0.0000000,0.0000000,0.0027410,0.1502310
3014,train/Grape___Leaf_blight_(Isariopsis_Leaf_Spot)/0001aa74-bbd7-433b-a900-1dccab39d521___FAM_L.Blight 4508.JPG,4,Grape___Leaf_blight_(Isariopsis_Leaf_Spot),39,38,4,6,0.5060049,0.5844363,0.2244485,0.0034651,0.0000000,0.0000000,0.0000000,0.0142710,0.0287495
3014,train/Grape___Leaf_blight_(Isariopsis_Leaf_Spot)/0001aa74-bbd7-433b-a900-1dccab39d521___FAM_L.Blight 4508.JPG,4,Grape___Leaf_blight_(Isariopsis_Leaf_Spot),40,39,4,7,0.4901348,0.5213848,0.3005515,0.0000000,0.0000000,0.2274755,0.0321835,0.1259924,0.0000000
3014,train/Grape___Leaf_blight_(Isariopsis_Leaf_Spot)/0001aa74-bbd7-433b-a900-1dccab39d521___FAM_L.Blight 4508.JPG,4,Grape___Leaf_blight_(Isariopsis_Leaf_Spot),41,40,5,7,0.5595589,0.5776348,0.4091299,0.1349477,0.1144982,0.2400894,0.0000000,0.0000000,0.0000000
3014,train/Grape___Leaf_blight_(Isariopsis_Leaf_Spot)/0001aa74-bbd7-433b-a900-1dccab39d521___FAM_L.Blight 4508.JPG,4,Grape___Leaf_blight_(Isariopsis_Leaf_Spot),42,41,5,6,0.5216912,0.5667892,0.2405637,0.0000000,0.0000000,0.0000000,0.0707483,0.0209412,0.4034459
3014,train/Grape___Leaf_blight_(Isariopsis_Leaf_Spot)/0001aa74-bbd7-433b-a900-1dccab39d521___FAM_L.Blight 4508.JPG,4,Grape___Leaf_blight_(Isariopsis_Leaf_Spot),43,42,5,5,0.5632966,0.6436275,0.2853554,0.0782426,0.1420118,0.1336505,0.0000000,0.0000000,0.0000000
3014,train/Grape___Leaf_blight_(Isariopsis_Leaf_Spot)/0001aa74-bbd7-433b-a900-1dccab39d521___FAM_L.Blight 4508.JPG,4,Grape___Leaf_blight_(Isariopsis_Leaf_Spot),44,43,5,4,0.5274510,0.6213235,0.3098039,0.0000000,0.0000000,0.0644633,0.0663874,0.0389621,0.0000000
3014,train/Grape___Leaf_blight_(Isariopsis_Leaf_Spot)/0001aa74-bbd7-433b-a900-1dccab39d521___FAM_L.Blight 4508.JPG,4,Grape___Leaf_blight_(Isariopsis_Leaf_Spot),45,44,5,3,0.4493260,0.5568015,0.2765319,0.0000000,0.0000000,0.0000000,0.1615728,0.1210182,0.0882382
3014,train/Grape___Leaf_blight_(Isariopsis_Leaf_Spot)/0001aa74-bbd7-433b-a900-1dccab39d521___FAM_L.Blight 4508.JPG,4,Grape___Leaf_blight_(Isariopsis_Leaf_Spot),46,45,5,2,0.4927696,0.5994486,0.3126225,0.0940913,0.0825124,0.0961299,0.0000000,0.0000000,0.0000000
3014,train/Grape___Leaf_blight_(Isariopsis_Leaf_Spot)/0001aa74-bbd7-433b-a900-1dccab39d521___FAM_L.Blight 4508.JPG,4,Grape___Leaf_blight_(Isariopsis_Leaf_Spot),47,46,5,1,0.4753677,0.5850490,0.3159314,0.0000000,0.0000000,0.0082609,0.0363107,0.0268626,0.0000000
3014,train/Grape___Leaf_blight_(Isariopsis_Leaf_Spot)/0001aa74-bbd7-433b-a900-1dccab39d521___FAM_L.Blight 4508.JPG,4,Grape___Leaf_blight_(Isariopsis_Leaf_Spot),48,47,5,0,0.6734682,0.6994485,0.5916667,0.3518404,0.1992382,0.4767511,0.0000000,0.0000000,0.0000000
3014,train/Grape___Leaf_blight_(Isariopsis_Leaf_Spot)/0001aa74-bbd7-433b-a900-1dccab39d521___FAM_L.Blight 4508.JPG,4,Grape___Leaf_blight_(Isariopsis_Leaf_Spot),49,48,6,0,0.7535539,0.7474878,0.7447304,0.1145098,0.0742726,0.1797338,0.0000000,0.0000000,0.0000000
3014,train/Grape___Leaf_blight_(Isariopsis_Leaf_Spot)/0001aa74-bbd7-433b-a900-1dccab39d521___FAM_L.Blight 4508.JPG,4,Grape___Leaf_blight_(Isariopsis_Leaf_Spot),50,49,6,1,0.5264706,0.6047181,0.3965686,0.0000000,0.0000000,0.0000000,0.3583775,0.2333066,0.4743572
3014,train/Grape___Leaf_blight_(Isariopsis_Leaf_Spot)/0001aa74-bbd7-433b-a900-1dccab39d521___FAM_L.Blight 4508.JPG,4,Grape___Leaf_blight_(Isariopsis_Leaf_Spot),51,50,6,2,0.4477941,0.5524510,0.3050245,0.0000000,0.0000000,0.0000000,0.1631330,0.0998081,0.2028937
3014,train/Grape___Leaf_blight_(Isariopsis_Leaf_Spot)/0001aa74-bbd7-433b-a900-1dccab39d521___FAM_L.Blight 4508.JPG,4,Grape___Leaf_blight_(Isariopsis_Leaf_Spot),52,51,6,3,0.3903186,0.4855392,0.2204044,0.0000000,0.0000000,0.0000000,0.1385332,0.1424437,0.2504280
3014,train/Grape___Leaf_blight_(Isariopsis_Leaf_Spot)/0001aa74-bbd7-433b-a900-1dccab39d521___FAM_L.Blight 4508.JPG,4,Grape___Leaf_blight_(Isariopsis_Leaf_Spot),53,52,6,4,0.5643383,0.5734069,0.4065564,0.3719366,0.1856252,0.4659292,0.0000000,0.0000000,0.0000000
3014,train/Grape___Leaf_blight_(Isariopsis_Leaf_Spot)/0001aa74-bbd7-433b-a900-1dccab39d521___FAM_L.Blight 4508.JPG,4,Grape___Leaf_blight_(Isariopsis_Leaf_Spot),54,53,6,5,0.5721201,0.6435662,0.3192402,0.0139717,0.1289693,0.0000000,0.0000000,0.0000000,0.1870697
3014,train/Grape___Leaf_blight_(Isariopsis_Leaf_Spot)/0001aa74-bbd7-433b-a900-1dccab39d521___FAM_L.Blight 4508.JPG,4,Grape___Leaf_blight_(Isariopsis_Leaf_Spot),55,54,6,6,0.5223039,0.5969976,0.2980392,0.0000000,0.0000000,0.0000000,0.0919515,0.0829485,0.0534069
3014,train/Grape___Leaf_blight_(Isariopsis_Leaf_Spot)/0001aa74-bbd7-433b-a900-1dccab39d521___FAM_L.Blight 4508.JPG,4,Grape___Leaf_blight_(Isariopsis_Leaf_Spot),56,55,6,7,0.6124387,0.6140932,0.5098040,0.1620740,0.0315784,0.4113574,0.0000000,0.0000000,0.0000000
3014,train/Grape___Leaf_blight_(Isariopsis_Leaf_Spot)/0001aa74-bbd7-433b-a900-1dccab39d521___FAM_L.Blight 4508.JPG,4,Grape___Leaf_blight_(Isariopsis_Leaf_Spot),57,56,7,7,0.6592525,0.6436275,0.6287377,0.0751121,0.0525320,0.1639265,0.0000000,0.0000000,0.0000000
3014,train/Grape___Leaf_blight_(Isariopsis_Leaf_Spot)/0001aa74-bbd7-433b-a900-1dccab39d521___FAM_L.Blight 4508.JPG,4,Grape___Leaf_blight_(Isariopsis_Leaf_Spot),58,57,7,6,0.6471201,0.6466912,0.5645221,0.0000000,0.0053117,0.0000000,0.0187608,0.0000000,0.0836815
3014,train/Grape___Leaf_blight_(Isariopsis_Leaf_Spot)/0001aa74-bbd7-433b-a900-1dccab39d521___FAM_L.Blight 4508.JPG,4,Grape___Leaf_blight_(Isariopsis_Leaf_Spot),59,58,7,5,0.6674020,0.6835172,0.4908088,0.0314817,0.0619322,0.0000000,0.0000000,0.0000000,0.1086127
3014,train/Grape___Leaf_blight_(Isariopsis_Leaf_Spot)/0001aa74-bbd7-433b-a900-1dccab39d521___FAM_L.Blight 4508.JPG,4,Grape___Leaf_blight_(Isariopsis_Leaf_Spot),60,59,7,4,0.6947917,0.6876838,0.6257353,0.0410267,0.0067978,0.1896331,0.0000000,0.0000000,0.0000000
3014,train/Grape___Leaf_blight_(Isariopsis_Leaf_Spot)/0001aa74-bbd7-433b-a900-1dccab39d521___FAM_L.Blight 4508.JPG,4,Grape___Leaf_blight_(Isariopsis_Leaf_Spot),61,60,7,3,0.5721814,0.6054534,0.4572304,0.0000000,0.0000000,0.0000000,0.1954940,0.1405147,0.2419477
3014,train/Grape___Leaf_blight_(Isariopsis_Leaf_Spot)/0001aa74-bbd7-433b-a900-1dccab39d521___FAM_L.Blight 4508.JPG,4,Grape___Leaf_blight_(Isariopsis_Leaf_Spot),62,61,7,2,0.5948530,0.6409314,0.4935662,0.0396384,0.0636778,0.0599708,0.0000000,0.0000000,0.0000000
3014,train/Grape___Leaf_blight_(Isariopsis_Leaf_Spot)/0001aa74-bbd7-433b-a900-1dccab39d521___FAM_L.Blight 4508.JPG,4,Grape___Leaf_blight_(Isariopsis_Leaf_Spot),63,62,7,1,0.7405025,0.7394608,0.7162378,0.2225514,0.1596781,0.2888303,0.0000000,0.0000000,0.0000000
3014,train/Grape___Leaf_blight_(Isariopsis_Leaf_Spot)/0001aa74-bbd7-433b-a900-1dccab39d521___FAM_L.Blight 4508.JPG,4,Grape___Leaf_blight_(Isariopsis_Leaf_Spot),64,63,7,0,0.7902574,0.7863358,0.7882966,0.0663204,0.0687269,0.0751585,0.0000000,0.0000000,0.0000000
3703,train/Orange___Haunglongbing_(Citrus_greening)/000945ae-3cf5-48c2-86a2-a3f1e777f2c7___CREC_HLB 7640.JPG,5,Orange___Haunglongbing_(Citrus_greening),1,0,0,0,0.5085785,0.4401348,0.4859069,0.0000000,0.0000000,0.0000000,0.0000000,0.0000000,0.0000000
3703,train/Orange___Haunglongbing_(Citrus_greening)/000945ae-3cf5-48c2-86a2-a3f1e777f2c7___CREC_HLB 7640.JPG,5,Orange___Haunglongbing_(Citrus_greening),2,1,0,1,0.4784314,0.4079044,0.4548407,0.0000000,0.0000000,0.0000000,0.0617018,0.0839814,0.0513498
3703,train/Orange___Haunglongbing_(Citrus_greening)/000945ae-3cf5-48c2-86a2-a3f1e777f2c7___CREC_HLB 7640.JPG,5,Orange___Haunglongbing_(Citrus_greening),3,2,0,2,0.4414828,0.3731618,0.4177083,0.0000000,0.0000000,0.0000000,0.0811379,0.0982899,0.0661738
3703,train/Orange___Haunglongbing_(Citrus_greening)/000945ae-3cf5-48c2-86a2-a3f1e777f2c7___CREC_HLB 7640.JPG,5,Orange___Haunglongbing_(Citrus_greening),4,3,0,3,0.3837623,0.3185662,0.3268383,0.0000000,0.0000000,0.0000000,0.1412932,0.1744038,0.1897809
3703,train/Orange___Haunglongbing_(Citrus_greening)/000945ae-3cf5-48c2-86a2-a3f1e777f2c7___CREC_HLB 7640.JPG,5,Orange___Haunglongbing_(Citrus_greening),5,4,0,4,0.3185662,0.3127451,0.2117647,0.0000000,0.0000000,0.0000000,0.1875232,0.0203748,0.3322233
3703,train/Orange___Haunglongbing_(Citrus_greening)/000945ae-3cf5-48c2-86a2-a3f1e777f2c7___CREC_HLB 7640.JPG,5,Orange___Haunglongbing_(Citrus_greening),6,5,0,5,0.4440564,0.3659927,0.3770221,0.3357516,0.1755009,0.4404487,0.0000000,0.0000000,0.0000000
3703,train/Orange___Haunglongbing_(Citrus_greening)/000945ae-3cf5-48c2-86a2-a3f1e777f2c7___CREC_HLB 7640.JPG,5,Orange___Haunglongbing_(Citrus_greening),7,6,0,6,0.4847426,0.3946691,0.4222426,0.0893808,0.0843365,0.0887847,0.0000000,0.0000000,0.0000000
3703,train/Orange___Haunglongbing_(Citrus_greening)/000945ae-3cf5-48c2-86a2-a3f1e777f2c7___CREC_HLB 7640.JPG,5,Orange___Haunglongbing_(Citrus_greening),8,7,0,7,0.5009191,0.4125000,0.4362745,0.0334868,0.0494185,0.0256484,0.0000000,0.0000000,0.0000000
3703,train/Orange___Haunglongbing_(Citrus_greening)/000945ae-3cf5-48c2-86a2-a3f1e777f2c7___CREC_HLB 7640.JPG,5,Orange___Haunglongbing_(Citrus_greening),9,8,1,7,0.5234069,0.4337010,0.4625613,0.0447946,0.0560485,0.0458933,0.0000000,0.0000000,0.0000000
3703,train/Orange___Haunglongbing_(Citrus_greening)/000945ae-3cf5-48c2-86a2-a3f1e777f2c7___CREC_HLB 7640.JPG,5,Orange___Haunglongbing_(Citrus_greening),10,9,1,6,0.4704657,0.3870711,0.4234069,0.0000000,0.0000000,0.0000000,0.1076060,0.1255382,0.0687205
3703,train/Orange___Haunglongbing_(Citrus_greening)/000945ae-3cf5-48c2-86a2-a3f1e777f2c7___CREC_HLB 7640.JPG,5,Orange___Haunglongbing_(Citrus_greening),11,10,1,5,0.3310049,0.3151961,0.2175858,0.0000000,0.0000000,0.0000000,0.3515103,0.2261565,0.4992985
3703,train/Orange___Haunglongbing_(Citrus_greening)/000945ae-3cf5-48c2-86a2-a3f1e777f2c7___CREC_HLB 7640.JPG,5,Orange___Haunglongbing_(Citrus_greening),12,11,1,4,0.3596201,0.3840074,0.1345588,0.0845419,0.2201595,0.0000000,0.0000000,0.0000000,0.3666241
3703,train/Orange___Haunglongbing_(Citrus_greening)/000945ae-3cf5-48c2-86a2-a3f1e777f2c7___CREC_HLB 7640.JPG,5,Orange___Haunglongbing_(Citrus_greening),13,12,1,3,0.3933824,0.4277574,0.1664216,0.0914857,0.1205673,0.1661257,0.0000000,0.0000000,0.0000000
3703,train/Orange___Haunglongbing_(Citrus_greening)/000945ae-3cf5-48c2-86a2-a3f1e777f2c7___CREC_HLB 7640.JPG,5,Orange___Haunglongbing_(Citrus_greening),14,13,1,2,0.4016544,0.3740809,0.3063726,0.0212297,0.0000000,0.4645113,0.0000000,0.1479213,0.0000000
3703,train/Orange___Haunglongbing_(Citrus_greening)/000945ae-3cf5-48c2-86a2-a3f1e777f2c7___CREC_HLB 7640.JPG,5,Orange___Haunglongbing_(Citrus_greening),15,14,1,1,0.4636642,0.3963848,0.4343137,0.1462184,0.0647604,0.2710620,0.0000000,0.0000000,0.0000000
3703,train/Orange___Haunglongbing_(Citrus_greening)/000945ae-3cf5-48c2-86a2-a3f1e777f2c7___CREC_HLB 7640.JPG,5,Orange___Haunglongbing_(Citrus_greening),16,15,1,0,0.5050246,0.4370711,0.4785539,0.0871200,0.1092061,0.0760505,0.0000000,0.0000000,0.0000000
3703,train/Orange___Haunglongbing_(Citrus_greening)/000945ae-3cf5-48c2-86a2-a3f1e777f2c7___CREC_HLB 7640.JPG,5,Orange___Haunglongbing_(Citrus_greening),17,16,2,0,0.5156250,0.4405025,0.4810662,0.0211917,0.0087472,0.0041082,0.0000000,0.0000000,0.0000000
3703,train/Orange___Haunglongbing_(Citrus_greening)/000945ae-3cf5-48c2-86a2-a3f1e777f2c7___CREC_HLB 7640.JPG,5,Orange___Haunglongbing_(Citrus_greening),18,17,2,1,0.4409927,0.3924632,0.3950980,0.0000000,0.0000000,0.0000000,0.1576023,0.1274391,0.1525723
3703,train/Orange___Haunglongbing_(Citrus_greening)/000945ae-3cf5-48c2-86a2-a3f1e777f2c7___CREC_HLB 7640.JPG,5,Orange___Haunglongbing_(Citrus_greening),19,18,2,2,0.3579044,0.4199755,0.2020221,0.0000000,0.0757560,0.0000000,0.2100981,0.0000000,0.5027938
3703,train/Orange___Haunglongbing_(Citrus_greening)/000945ae-3cf5-48c2-86a2-a3f1e777f2c7___CREC_HLB 7640.JPG,5,Orange___Haunglongbing_(Citrus_greening),20,19,2,3,0.3822304,0.4498162,0.1343137,0.0670621,0.0767494,0.0000000,0.0000000,0.0000000,0.3130342
3703,train/Orange___Haunglongbing_(Citrus_greening)/000945ae-3cf5-48c2-86a2-a3f1e777f2c7___CREC_HLB 7640.JPG,5,Orange___Haunglongbing_(Citrus_greening),21,20,2,4,0.3469363,0.3925245,0.1439338,0.0000000,0.0000000,0.0542550,0.0977798,0.1502925,0.0000000
3703,train/Orange___Haunglongbing_(Citrus_greening)/000945ae-3cf5-48c2-86a2-a3f1e777f2c7___CREC_HLB 7640.JPG,5,Orange___Haunglongbing_(Citrus_greening),22,21,2,5,0.3306373,0.3747549,0.2234681,0.0000000,0.0000000,0.3397075,0.0485935,0.0511750,0.0000000
3703,train/Orange___Haunglongbing_(Citrus_greening)/000945ae-3cf5-48c2-86a2-a3f1e777f2c7___CREC_HLB 7640.JPG,5,Orange___Haunglongbing_(Citrus_greening),23,22,2,6,0.4280638,0.4107231,0.3392770,0.2620139,0.1024391,0.3229405,0.0000000,0.0000000,0.0000000
3703,train/Orange___Haunglongbing_(Citrus_greening)/000945ae-3cf5-48c2-86a2-a3f1e777f2c7___CREC_HLB 7640.JPG,5,Orange___Haunglongbing_(Citrus_greening),24,23,2,7,0.5247549,0.4357230,0.4613971,0.2070593,0.0660727,0.2393449,0.0000000,0.0000000,0.0000000
3703,train/Orange___Haunglongbing_(Citrus_greening)/000945ae-3cf5-48c2-86a2-a3f1e777f2c7___CREC_HLB 7640.JPG,5,Orange___Haunglongbing_(Citrus_greening),25,24,3,7,0.5036152,0.4556373,0.4141544,0.0000000,0.0499795,0.0000000,0.0415264,0.0000000,0.0839027
3703,train/Orange___Haunglongbing_(Citrus_greening)/000945ae-3cf5-48c2-86a2-a3f1e777f2c7___CREC_HLB 7640.JPG,5,Orange___Haunglongbing_(Citrus_greening),26,25,3,6,0.4587010,0.5110907,0.3081495,0.0000000,0.1283234,0.0000000,0.0942844,0.0000000,0.2282073
3703,train/Orange___Haunglongbing_(Citrus_greening)/000945ae-3cf5-48c2-86a2-a3f1e777f2c7___CREC_HLB 7640.JPG,5,Orange___Haunglongbing_(Citrus_greening),27,26,3,5,0.4257353,0.5063726,0.3227329,0.0000000,0.0000000,0.0362745,0.0752956,0.0102467,0.0000000
3703,train/Orange___Haunglongbing_(Citrus_greening)/000945ae-3cf5-48c2-86a2-a3f1e777f2c7___CREC_HLB 7640.JPG,5,Orange___Haunglongbing_(Citrus_greening),28,27,3,4,0.3714461,0.4617034,0.2850490,0.0000000,0.0000000,0.0000000,0.1375720,0.1019605,0.0964120
3703,train/Orange___Haunglongbing_(Citrus_greening)/000945ae-3cf5-48c2-86a2-a3f1e777f2c7___CREC_HLB 7640.JPG,5,Orange___Haunglongbing_(Citrus_greening),29,28,3,3,0.3943015,0.4879902,0.2229780,0.0609005,0.0619206,0.0000000,0.0000000,0.0000000,0.1899878
3703,train/Orange___Haunglongbing_(Citrus_greening)/000945ae-3cf5-48c2-86a2-a3f1e777f2c7___CREC_HLB 7640.JPG,5,Orange___Haunglongbing_(Citrus_greening),30,29,3,2,0.3875000,0.4799632,0.2797794,0.0000000,0.0000000,0.1772937,0.0175743,0.0183244,0.0000000
3703,train/Orange___Haunglongbing_(Citrus_greening)/000945ae-3cf5-48c2-86a2-a3f1e777f2c7___CREC_HLB 7640.JPG,5,Orange___Haunglongbing_(Citrus_greening),31,30,3,1,0.3170956,0.4004902,0.2643995,0.0000000,0.0000000,0.0000000,0.2018522,0.1994561,0.0439475
3703,train/Orange___Haunglongbing_(Citrus_greening)/000945ae-3cf5-48c2-86a2-a3f1e777f2c7___CREC_HLB 7640.JPG,5,Orange___Haunglongbing_(Citrus_greening),32,31,3,0,0.5341299,0.4628676,0.4963848,0.5202377,0.1616287,0.4785106,0.0000000,0.0000000,0.0000000
3703,train/Orange___Haunglongbing_(Citrus_greening)/000945ae-3cf5-48c2-86a2-a3f1e777f2c7___CREC_HLB 7640.JPG,5,Orange___Haunglongbing_(Citrus_greening),33,32,4,0,0.5579657,0.5088236,0.5125613,0.0445335,0.1058023,0.0251599,0.0000000,0.0000000,0.0000000
3703,train/Orange___Haunglongbing_(Citrus_greening)/000945ae-3cf5-48c2-86a2-a3f1e777f2c7___CREC_HLB 7640.JPG,5,Orange___Haunglongbing_(Citrus_greening),34,33,4,1,0.3325368,0.4416667,0.3091299,0.0000000,0.0000000,0.0000000,0.5113852,0.1561266,0.3849753
3703,train/Orange___Haunglongbing_(Citrus_greening)/000945ae-3cf5-48c2-86a2-a3f1e777f2c7___CREC_HLB 7640.JPG,5,Orange___Haunglongbing_(Citrus_greening),35,34,4,2,0.3568628,0.4628676,0.3256740,0.0719974,0.0524340,0.0408975,0.0000000,0.0000000,0.0000000
3703,train/Orange___Haunglongbing_(Citrus_greening)/000945ae-3cf5-48c2-86a2-a3f1e777f2c7___CREC_HLB 7640.JPG,5,Orange___Haunglongbing_(Citrus_greening),36,35,4,3,0.3868260,0.4832108,0.2990196,0.0822082,0.0481031,0.0000000,0.0000000,0.0000000,0.0663477
3703,train/Orange___Haunglongbing_(Citrus_greening)/000945ae-3cf5-48c2-86a2-a3f1e777f2c7___CREC_HLB 7640.JPG,5,Orange___Haunglongbing_(Citrus_greening),37,36,4,4,0.3371936,0.4319240,0.2962623,0.0000000,0.0000000,0.0000000,0.1384803,0.1238381,0.0072026
3703,train/Orange___Haunglongbing_(Citrus_greening)/000945ae-3cf5-48c2-86a2-a3f1e777f2c7___CREC_HLB 7640.JPG,5,Orange___Haunglongbing_(Citrus_greening),38,37,4,5,0.3626226,0.4399510,0.2883579,0.0741416,0.0205958,0.0000000,0.0000000,0.0000000,0.0210242
3703,train/Orange___Haunglongbing_(Citrus_greening)/000945ae-3cf5-48c2-86a2-a3f1e777f2c7___CREC_HLB 7640.JPG,5,Orange___Haunglongbing_(Citrus_greening),39,38,4,6,0.3874387,0.4636029,0.2653186,0.0675082,0.0585591,0.0000000,0.0000000,0.0000000,0.0647046
3703,train/Orange___Haunglongbing_(Citrus_greening)/000945ae-3cf5-48c2-86a2-a3f1e777f2c7___CREC_HLB 7640.JPG,5,Orange___Haunglongbing_(Citrus_greening),40,39,4,7,0.5560049,0.5184436,0.4633579,0.3645630,0.1249260,0.4264903,0.0000000,0.0000000,0.0000000
3703,train/Orange___Haunglongbing_(Citrus_greening)/000945ae-3cf5-48c2-86a2-a3f1e777f2c7___CREC_HLB 7640.JPG,5,Orange___Haunglongbing_(Citrus_greening),41,40,5,7,0.6386030,0.5728554,0.6067402,0.1410790,0.1115401,0.2102641,0.0000000,0.0000000,0.0000000
3703,train/Orange___Haunglongbing_(Citrus_greening)/000945ae-3cf5-48c2-86a2-a3f1e777f2c7___CREC_HLB 7640.JPG,5,Orange___Haunglongbing_(Citrus_greening),42,41,5,6,0.4763480,0.5022059,0.3819240,0.0000000,0.0000000,0.0000000,0.2939787,0.1452144,0.3535920
3703,train/Orange___Haunglongbing_(Citrus_greening)/000945ae-3cf5-48c2-86a2-a3f1e777f2c7___CREC_HLB 7640.JPG,5,Orange___Haunglongbing_(Citrus_greening),43,42,5,5,0.3568628,0.4281250,0.2483456,0.0000000,0.0000000,0.0000000,0.2896898,0.1759555,0.3295591
3703,train/Orange___Haunglongbing_(Citrus_greening)/000945ae-3cf5-48c2-86a2-a3f1e777f2c7___CREC_HLB 7640.JPG,5,Orange___Haunglongbing_(Citrus_greening),44,43,5,4,0.3876226,0.4745711,0.3100490,0.0843035,0.1151037,0.1734046,0.0000000,0.0000000,0.0000000
3703,train/Orange___Haunglongbing_(Citrus_greening)/000945ae-3cf5-48c2-86a2-a3f1e777f2c7___CREC_HLB 7640.JPG,5,Orange___Haunglongbing_(Citrus_greening),45,44,5,3,0.4138480,0.4899510,0.3166054,0.0667658,0.0356717,0.0164183,0.0000000,0.0000000,0.0000000
3703,train/Orange___Haunglongbing_(Citrus_greening)/000945ae-3cf5-48c2-86a2-a3f1e777f2c7___CREC_HLB 7640.JPG,5,Orange___Haunglongbing_(Citrus_greening),46,45,5,2,0.3868260,0.4790441,0.3240809,0.0000000,0.0000000,0.0183100,0.0681768,0.0248720,0.0000000
3703,train/Orange___Haunglongbing_(Citrus_greening)/000945ae-3cf5-48c2-86a2-a3f1e777f2c7___CREC_HLB 7640.JPG,5,Orange___Haunglongbing_(Citrus_greening),47,46,5,1,0.3767770,0.4638481,0.2901961,0.0000000,0.0000000,0.0000000,0.0265846,0.0356126,0.0857756
3703,train/Orange___Haunglongbing_(Citrus_greening)/000945ae-3cf5-48c2-86a2-a3f1e777f2c7___CREC_HLB 7640.JPG,5,Orange___Haunglongbing_(Citrus_greening),48,47,5,0,0.6322917,0.5771446,0.6064951,0.5166701,0.2434730,0.5535384,0.0000000,0.0000000,0.0000000
3703,train/Orange___Haunglongbing_(Citrus_greening)/000945ae-3cf5-48c2-86a2-a3f1e777f2c7___CREC_HLB 7640.JPG,5,Orange___Haunglongbing_(Citrus_greening),49,48,6,0,0.6876838,0.6335172,0.6736520,0.0856250,0.1041662,0.0823234,0.0000000,0.0000000,0.0000000
3703,train/Orange___Haunglongbing_(Citrus_greening)/000945ae-3cf5-48c2-86a2-a3f1e777f2c7___CREC_HLB 7640.JPG,5,Orange___Haunglongbing_(Citrus_greening),50,49,6,1,0.6408701,0.6028187,0.6112745,0.0000000,0.0000000,0.0000000,0.0711816,0.0548675,0.0754872
3703,train/Orange___Haunglongbing_(Citrus_greening)/000945ae-3cf5-48c2-86a2-a3f1e777f2c7___CREC_HLB 7640.JPG,5,Orange___Haunglongbing_(Citrus_greening),51,50,6,2,0.4301471,0.4911152,0.3781250,0.0000000,0.0000000,0.0000000,0.3974563,0.2256366,0.3664262
3703,train/Orange___Haunglongbing_(Citrus_greening)/000945ae-3cf5-48c2-86a2-a3f1e777f2c7___CREC_HLB 7640.JPG,5,Orange___Haunglongbing_(Citrus_greening),52,51,6,3,0.4586397,0.5255515,0.3288603,0.0654113,0.0757739,0.0000000,0.0000000,0.0000000,0.1083550
3703,train/Orange___Haunglongbing_(Citrus_greening)/000945ae-3cf5-48c2-86a2-a3f1e777f2c7___CREC_HLB 7640.JPG,5,Orange___Haunglongbing_(Citrus_greening),53,52,6,4,0.4960172,0.5447917,0.3414216,0.0798878,0.0402132,0.0294082,0.0000000,0.0000000,0.0000000
3703,train/Orange___Haunglongbing_(Citrus_greening)/000945ae-3cf5-48c2-86a2-a3f1e777f2c7___CREC_HLB 7640.JPG,5,Orange___Haunglongbing_(Citrus_greening),54,53,6,5,0.5743873,0.5593750,0.4961397,0.1493897,0.0295464,0.2898795,0.0000000,0.0000000,0.0000000
3703,train/Orange___Haunglongbing_(Citrus_greening)/000945ae-3cf5-48c2-86a2-a3f1e777f2c7___CREC_HLB 7640.JPG,5,Orange___Haunglongbing_(Citrus_greening),55,54,6,6,0.6724877,0.6078432,0.6466299,0.1605338,0.0928936,0.2066534,0.0000000,0.0000000,0.0000000
3703,train/Orange___Haunglongbing_(Citrus_greening)/000945ae-3cf5-48c2-86a2-a3f1e777f2c7___CREC_HLB 7640.JPG,5,Orange___Haunglongbing_(Citrus_greening),56,55,6,7,0.6865809,0.6237133,0.6582721,0.0211585,0.0288275,0.0140007,0.0000000,0.0000000,0.0000000
3703,train/Orange___Haunglongbing_(Citrus_greening)/000945ae-3cf5-48c2-86a2-a3f1e777f2c7___CREC_HLB 7640.JPG,5,Orange___Haunglongbing_(Citrus_greening),57,56,7,7,0.7145221,0.6575981,0.6947917,0.0406905,0.0591606,0.0423546,0.0000000,0.0000000,0.0000000
3703,train/Orange___Haunglongbing_(Citrus_greening)/000945ae-3cf5-48c2-86a2-a3f1e777f2c7___CREC_HLB 7640.JPG,5,Orange___Haunglongbing_(Citrus_greening),58,57,7,6,0.7083334,0.6515319,0.6887868,0.0000000,0.0000000,0.0000000,0.0087864,0.0102393,0.0067488
3703,train/Orange___Haunglongbing_(Citrus_greening)/000945ae-3cf5-48c2-86a2-a3f1e777f2c7___CREC_HLB 7640.JPG,5,Orange___Haunglongbing_(Citrus_greening),59,58,7,5,0.7143382,0.6545956,0.6928922,0.0086123,0.0052474,0.0046627,0.0000000,0.0000000,0.0000000
3703,train/Orange___Haunglongbing_(Citrus_greening)/000945ae-3cf5-48c2-86a2-a3f1e777f2c7___CREC_HLB 7640.JPG,5,Orange___Haunglongbing_(Citrus_greening),60,59,7,4,0.6993873,0.6465074,0.6714461,0.0000000,0.0000000,0.0000000,0.0213638,0.0137365,0.0244428
3703,train/Orange___Haunglongbing_(Citrus_greening)/000945ae-3cf5-48c2-86a2-a3f1e777f2c7___CREC_HLB 7640.JPG,5,Orange___Haunglongbing_(Citrus_greening),61,60,7,3,0.6273897,0.6047181,0.5634192,0.0000000,0.0000000,0.0000000,0.1096209,0.0738011,0.1360305
3703,train/Orange___Haunglongbing_(Citrus_greening)/000945ae-3cf5-48c2-86a2-a3f1e777f2c7___CREC_HLB 7640.JPG,5,Orange___Haunglongbing_(Citrus_greening),62,61,7,2,0.6988358,0.6430760,0.6786152,0.1099206,0.0687691,0.1455449,0.0000000,0.0000000,0.0000000
3703,train/Orange___Haunglongbing_(Citrus_greening)/000945ae-3cf5-48c2-86a2-a3f1e777f2c7___CREC_HLB 7640.JPG,5,Orange___Haunglongbing_(Citrus_greening),63,62,7,1,0.7063113,0.6551471,0.6944240,0.0108552,0.0208007,0.0180680,0.0000000,0.0000000,0.0000000
3703,train/Orange___Haunglongbing_(Citrus_greening)/000945ae-3cf5-48c2-86a2-a3f1e777f2c7___CREC_HLB 7640.JPG,5,Orange___Haunglongbing_(Citrus_greening),64,63,7,0,0.7162991,0.6653187,0.7045344,0.0143252,0.0172323,0.0113410,0.0000000,0.0000000,0.0000000
7227,train/Peach___healthy/017d3d86-12bf-4280-8929-10dcd504ac46___Rutg._HL 3671.JPG,6,Peach___healthy,1,0,0,0,0.5285540,0.4660539,0.4737745,0.0000000,0.0000000,0.0000000,0.0000000,0.0000000,0.0000000
7227,train/Peach___healthy/017d3d86-12bf-4280-8929-10dcd504ac46___Rutg._HL 3671.JPG,6,Peach___healthy,2,1,0,1,0.3276961,0.2914828,0.2812500,0.0000000,0.0000000,0.0000000,0.4738729,0.5092164,0.3965048
7227,train/Peach___healthy/017d3d86-12bf-4280-8929-10dcd504ac46___Rutg._HL 3671.JPG,6,Peach___healthy,3,2,0,2,0.4988358,0.4253064,0.4327819,0.4224829,0.4176597,0.3330267,0.0000000,0.0000000,0.0000000
7227,train/Peach___healthy/017d3d86-12bf-4280-8929-10dcd504ac46___Rutg._HL 3671.JPG,6,Peach___healthy,4,3,0,3,0.4931373,0.4186887,0.4265319,0.0000000,0.0000000,0.0000000,0.0116048,0.0173259,0.0113097
7227,train/Peach___healthy/017d3d86-12bf-4280-8929-10dcd504ac46___Rutg._HL 3671.JPG,6,Peach___healthy,5,4,0,4,0.4886029,0.4140931,0.4219363,0.0000000,0.0000000,0.0000000,0.0093302,0.0121940,0.0084223
7227,train/Peach___healthy/017d3d86-12bf-4280-8929-10dcd504ac46___Rutg._HL 3671.JPG,6,Peach___healthy,6,5,0,5,0.4724877,0.3979779,0.4058211,0.0000000,0.0000000,0.0000000,0.0338723,0.0438506,0.0302730
7227,train/Peach___healthy/017d3d86-12bf-4280-8929-10dcd504ac46___Rutg._HL 3671.JPG,6,Peach___healthy,7,6,0,6,0.4605392,0.3851716,0.3930147,0.0000000,0.0000000,0.0000000,0.0258698,0.0361340,0.0249283
7227,train/Peach___healthy/017d3d86-12bf-4280-8929-10dcd504ac46___Rutg._HL 3671.JPG,6,Peach___healthy,8,7,0,7,0.4442402,0.3688726,0.3767157,0.0000000,0.0000000,0.0000000,0.0363908,0.0477637,0.0329265
7227,train/Peach___healthy/017d3d86-12bf-4280-8929-10dcd504ac46___Rutg._HL 3671.JPG,6,Peach___healthy,9,8,1,7,0.4795956,0.4050858,0.4129289,0.0780870,0.1046722,0.0719662,0.0000000,0.0000000,0.0000000
7227,train/Peach___healthy/017d3d86-12bf-4280-8929-10dcd504ac46___Rutg._HL 3671.JPG,6,Peach___healthy,10,9,1,6,0.4804534,0.4059436,0.4137868,0.0018232,0.0023662,0.0016283,0.0000000,0.0000000,0.0000000
7227,train/Peach___healthy/017d3d86-12bf-4280-8929-10dcd504ac46___Rutg._HL 3671.JPG,6,Peach___healthy,11,10,1,5,0.5118873,0.4373775,0.4452206,0.0646330,0.0833846,0.0574240,0.0000000,0.0000000,0.0000000
7227,train/Peach___healthy/017d3d86-12bf-4280-8929-10dcd504ac46___Rutg._HL 3671.JPG,6,Peach___healthy,12,11,1,4,0.5263481,0.4520221,0.4598039,0.0284194,0.0368352,0.0252866,0.0000000,0.0000000,0.0000000
7227,train/Peach___healthy/017d3d86-12bf-4280-8929-10dcd504ac46___Rutg._HL 3671.JPG,6,Peach___healthy,13,12,1,3,0.5265931,0.4531863,0.4594975,0.0004749,0.0028771,0.0000000,0.0000000,0.0000000,0.0005183
7227,train/Peach___healthy/017d3d86-12bf-4280-8929-10dcd504ac46___Rutg._HL 3671.JPG,6,Peach___healthy,14,13,1,2,0.1977329,0.1647059,0.1602328,0.0000000,0.0000000,0.0000000,0.9171723,1.0000000,0.7508897
7227,train/Peach___healthy/017d3d86-12bf-4280-8929-10dcd504ac46___Rutg._HL 3671.JPG,6,Peach___healthy,15,14,1,1,0.2064338,0.2398284,0.1735294,0.0439264,0.4154283,0.0625165,0.0000000,0.0000000,0.0000000
7227,train/Peach___healthy/017d3d86-12bf-4280-8929-10dcd504ac46___Rutg._HL 3671.JPG,6,Peach___healthy,16,15,1,0,0.5651961,0.5060049,0.5146446,0.9486710,0.7983797,0.7778494,0.0000000,0.0000000,0.0000000
7227,train/Peach___healthy/017d3d86-12bf-4280-8929-10dcd504ac46___Rutg._HL 3671.JPG,6,Peach___healthy,17,16,2,0,0.6030025,0.5447304,0.5558824,0.0660339,0.0824490,0.0604492,0.0000000,0.0000000,0.0000000
7227,train/Peach___healthy/017d3d86-12bf-4280-8929-10dcd504ac46___Rutg._HL 3671.JPG,6,Peach___healthy,18,17,2,1,0.3044118,0.3497549,0.2775123,0.0000000,0.0000000,0.0000000,0.6647286,0.4816601,0.5193924
7227,train/Peach___healthy/017d3d86-12bf-4280-8929-10dcd504ac46___Rutg._HL 3671.JPG,6,Peach___healthy,19,18,2,2,0.2045343,0.2596814,0.1650735,0.0000000,0.0000000,0.0000000,0.3964323,0.3265897,0.3950405
7227,train/Peach___healthy/017d3d86-12bf-4280-8929-10dcd504ac46___Rutg._HL 3671.JPG,6,Peach___healthy,20,19,2,3,0.4526348,0.4031250,0.3915441,0.7703149,0.4841457,0.6384801,0.0000000,0.0000000,0.0000000
7227,train/Peach___healthy/017d3d86-12bf-4280-8929-10dcd504ac46___Rutg._HL 3671.JPG,6,Peach___healthy,21,20,2,4,0.5490809,0.4773897,0.4845588,0.1964528,0.1886806,0.1666055,0.0000000,0.0000000,0.0000000
7227,train/Peach___healthy/017d3d86-12bf-4280-8929-10dcd504ac46___Rutg._HL 3671.JPG,6,Peach___healthy,22,21,2,5,0.5378677,0.4633578,0.4712010,0.0000000,0.0000000,0.0000000,0.0208399,0.0329591,0.0217326
7227,train/Peach___healthy/017d3d86-12bf-4280-8929-10dcd504ac46___Rutg._HL 3671.JPG,6,Peach___healthy,23,22,2,6,0.5155637,0.4410539,0.4488971,0.0000000,0.0000000,0.0000000,0.0427710,0.0544940,0.0376939
7227,train/Peach___healthy/017d3d86-12bf-4280-8929-10dcd504ac46___Rutg._HL 3671.JPG,6,Peach___healthy,24,23,2,7,0.5130515,0.4385417,0.4463848,0.0000000,0.0000000,0.0000000,0.0049338,0.0063112,0.0043634
7227,train/Peach___healthy/017d3d86-12bf-4280-8929-10dcd504ac46___Rutg._HL 3671.JPG,6,Peach___healthy,25,24,3,7,0.5339461,0.4626838,0.4696079,0.0407199,0.0599272,0.0397851,0.0000000,0.0000000,0.0000000
7227,train/Peach___healthy/017d3d86-12bf-4280-8929-10dcd504ac46___Rutg._HL 3671.JPG,6,Peach___healthy,26,25,3,6,0.5364584,0.4648284,0.4716912,0.0047889,0.0051726,0.0034732,0.0000000,0.0000000,0.0000000
7227,train/Peach___healthy/017d3d86-12bf-4280-8929-10dcd504ac46___Rutg._HL 3671.JPG,6,Peach___healthy,27,26,3,5,0.5338235,0.4623162,0.4693628,0.0000000,0.0000000,0.0000000,0.0049731,0.0059875,0.0038474
7227,train/Peach___healthy/017d3d86-12bf-4280-8929-10dcd504ac46___Rutg._HL 3671.JPG,6,Peach___healthy,28,27,3,4,0.3905025,0.3543505,0.3460172,0.0000000,0.0000000,0.0000000,0.3132266,0.2921290,0.2352271
7227,train/Peach___healthy/017d3d86-12bf-4280-8929-10dcd504ac46___Rutg._HL 3671.JPG,6,Peach___healthy,29,28,3,3,0.2143382,0.2697304,0.1735294,0.0000000,0.0000000,0.0000000,0.5883695,0.2996169,0.5162464
7227,train/Peach___healthy/017d3d86-12bf-4280-8929-10dcd504ac46___Rutg._HL 3671.JPG,6,Peach___healthy,30,29,3,2,0.2974878,0.3555760,0.2744485,0.3314783,0.3071190,0.3535161,0.0000000,0.0000000,0.0000000
7227,train/Peach___healthy/017d3d86-12bf-4280-8929-10dcd504ac46___Rutg._HL 3671.JPG,6,Peach___healthy,31,30,3,1,0.4578432,0.4583333,0.4227329,0.4331758,0.2824350,0.3337660,0.0000000,0.0000000,0.0000000
7227,train/Peach___healthy/017d3d86-12bf-4280-8929-10dcd504ac46___Rutg._HL 3671.JPG,6,Peach___healthy,32,31,3,0,0.6186275,0.5600491,0.5717525,0.3047612,0.2234390,0.2351462,0.0000000,0.0000000,0.0000000
7227,train/Peach___healthy/017d3d86-12bf-4280-8929-10dcd504ac46___Rutg._HL 3671.JPG,6,Peach___healthy,33,32,4,0,0.6510417,0.6038603,0.6136642,0.0520910,0.0842070,0.0554827,0.0000000,0.0000000,0.0000000
7227,train/Peach___healthy/017d3d86-12bf-4280-8929-10dcd504ac46___Rutg._HL 3671.JPG,6,Peach___healthy,34,33,4,1,0.5596201,0.5196691,0.5157475,0.0000000,0.0000000,0.0000000,0.1525455,0.1655832,0.1348118
7227,train/Peach___healthy/017d3d86-12bf-4280-8929-10dcd504ac46___Rutg._HL 3671.JPG,6,Peach___healthy,35,34,4,2,0.1727328,0.2350490,0.1330270,0.0000000,0.0000000,0.0000000,1.0000000,0.8333252,0.9173002
7227,train/Peach___healthy/017d3d86-12bf-4280-8929-10dcd504ac46___Rutg._HL 3671.JPG,6,Peach___healthy,36,35,4,3,0.3318015,0.3882966,0.3058824,0.6432970,0.5499790,0.6180170,0.0000000,0.0000000,0.0000000
7227,train/Peach___healthy/017d3d86-12bf-4280-8929-10dcd504ac46___Rutg._HL 3671.JPG,6,Peach___healthy,37,36,4,4,0.2080270,0.2517770,0.1722427,0.0000000,0.0000000,0.0000000,0.4631790,0.4713015,0.4346276
7227,train/Peach___healthy/017d3d86-12bf-4280-8929-10dcd504ac46___Rutg._HL 3671.JPG,6,Peach___healthy,38,37,4,5,0.2929534,0.2594976,0.2500613,0.3458916,0.0337814,0.2891683,0.0000000,0.0000000,0.0000000
7227,train/Peach___healthy/017d3d86-12bf-4280-8929-10dcd504ac46___Rutg._HL 3671.JPG,6,Peach___healthy,39,38,4,6,0.5718138,0.5088848,0.5125613,0.6579692,0.7260700,0.5401477,0.0000000,0.0000000,0.0000000
7227,train/Peach___healthy/017d3d86-12bf-4280-8929-10dcd504ac46___Rutg._HL 3671.JPG,6,Peach___healthy,40,39,4,7,0.5688113,0.5058824,0.5098040,0.0000000,0.0000000,0.0000000,0.0053175,0.0065380,0.0041938
7227,train/Peach___healthy/017d3d86-12bf-4280-8929-10dcd504ac46___Rutg._HL 3671.JPG,6,Peach___healthy,41,40,5,7,0.5792893,0.5164829,0.5203432,0.0186215,0.0231954,0.0160547,0.0000000,0.0000000,0.0000000
7227,train/Peach___healthy/017d3d86-12bf-4280-8929-10dcd504ac46___Rutg._HL 3671.JPG,6,Peach___healthy,42,41,5,6,0.3186888,0.2917892,0.2829044,0.0000000,0.0000000,0.0000000,0.5862505,0.6142809,0.4596485
7227,train/Peach___healthy/017d3d86-12bf-4280-8929-10dcd504ac46___Rutg._HL 3671.JPG,6,Peach___healthy,43,42,5,5,0.3250613,0.3727941,0.3004902,0.0201982,0.2726737,0.0473033,0.0000000,0.0000000,0.0000000
7227,train/Peach___healthy/017d3d86-12bf-4280-8929-10dcd504ac46___Rutg._HL 3671.JPG,6,Peach___healthy,44,43,5,4,0.2453431,0.3135417,0.2145221,0.0000000,0.0000000,0.0000000,0.2823240,0.1907670,0.2595633
7227,train/Peach___healthy/017d3d86-12bf-4280-8929-10dcd504ac46___Rutg._HL 3671.JPG,6,Peach___healthy,45,44,5,3,0.2254902,0.2741422,0.1934436,0.0000000,0.0000000,0.0000000,0.0851787,0.1481428,0.0803411
7227,train/Peach___healthy/017d3d86-12bf-4280-8929-10dcd504ac46___Rutg._HL 3671.JPG,6,Peach___healthy,46,45,5,2,0.4792892,0.4761029,0.4381740,0.7347754,0.6022065,0.6080318,0.0000000,0.0000000,0.0000000
7227,train/Peach___healthy/017d3d86-12bf-4280-8929-10dcd504ac46___Rutg._HL 3671.JPG,6,Peach___healthy,47,46,5,1,0.6519608,0.6050245,0.6131127,0.3114443,0.2667660,0.2611305,0.0000000,0.0000000,0.0000000
7227,train/Peach___healthy/017d3d86-12bf-4280-8929-10dcd504ac46___Rutg._HL 3671.JPG,6,Peach___healthy,48,47,5,0,0.6913603,0.6443015,0.6558824,0.0598452,0.0703305,0.0528894,0.0000000,0.0000000,0.0000000
7227,train/Peach___healthy/017d3d86-12bf-4280-8929-10dcd504ac46___Rutg._HL 3671.JPG,6,Peach___healthy,49,48,6,0,0.7018383,0.6547794,0.6626838,0.0153455,0.0180436,0.0080946,0.0000000,0.0000000,0.0000000
7227,train/Peach___healthy/017d3d86-12bf-4280-8929-10dcd504ac46___Rutg._HL 3671.JPG,6,Peach___healthy,50,49,6,1,0.6800858,0.6330270,0.6408701,0.0000000,0.0000000,0.0000000,0.0317979,0.0373243,0.0260211
7227,train/Peach___healthy/017d3d86-12bf-4280-8929-10dcd504ac46___Rutg._HL 3671.JPG,6,Peach___healthy,51,50,6,2,0.6716299,0.6188726,0.6286152,0.0000000,0.0000000,0.0000000,0.0126371,0.0249836,0.0150109
7227,train/Peach___healthy/017d3d86-12bf-4280-8929-10dcd504ac46___Rutg._HL 3671.JPG,6,Peach___healthy,52,51,6,3,0.4806986,0.4591912,0.4342525,0.0000000,0.0000000,0.0000000,0.3347147,0.3272983,0.2843528
7227,train/Peach___healthy/017d3d86-12bf-4280-8929-10dcd504ac46___Rutg._HL 3671.JPG,6,Peach___healthy,53,52,6,4,0.2836397,0.3361520,0.2520833,0.0000000,0.0000000,0.0000000,0.5208156,0.3418400,0.4127258
7227,train/Peach___healthy/017d3d86-12bf-4280-8929-10dcd504ac46___Rutg._HL 3671.JPG,6,Peach___healthy,54,53,6,5,0.2832108,0.3431985,0.2506740,0.0000000,0.0232042,0.0000000,0.0015285,0.0000000,0.0043588
7227,train/Peach___healthy/017d3d86-12bf-4280-8929-10dcd504ac46___Rutg._HL 3671.JPG,6,Peach___healthy,55,54,6,6,0.2611520,0.2941789,0.2398897,0.0000000,0.0000000,0.0000000,0.0818591,0.1699443,0.0341838
7227,train/Peach___healthy/017d3d86-12bf-4280-8929-10dcd504ac46___Rutg._HL 3671.JPG,6,Peach___healthy,56,55,6,7,0.5850490,0.5269608,0.5257353,0.7810008,0.6341817,0.5858793,0.0000000,0.0000000,0.0000000
7227,train/Peach___healthy/017d3d86-12bf-4280-8929-10dcd504ac46___Rutg._HL 3671.JPG,6,Peach___healthy,57,56,7,7,0.5716299,0.5196078,0.5156863,0.0000000,0.0000000,0.0000000,0.0234360,0.0155249,0.0150045
7227,train/Peach___healthy/017d3d86-12bf-4280-8929-10dcd504ac46___Rutg._HL 3671.JPG,6,Peach___healthy,58,57,7,6,0.4319240,0.4279412,0.3831495,0.0000000,0.0000000,0.0000000,0.2812210,0.2137684,0.2292871
7227,train/Peach___healthy/017d3d86-12bf-4280-8929-10dcd504ac46___Rutg._HL 3671.JPG,6,Peach___healthy,59,58,7,5,0.4467525,0.4316177,0.3973039,0.0344337,0.0095684,0.0284602,0.0000000,0.0000000,0.0000000
7227,train/Peach___healthy/017d3d86-12bf-4280-8929-10dcd504ac46___Rutg._HL 3671.JPG,6,Peach___healthy,60,59,7,4,0.6324142,0.5879902,0.5814338,0.3510363,0.3430908,0.2952234,0.0000000,0.0000000,0.0000000
7227,train/Peach___healthy/017d3d86-12bf-4280-8929-10dcd504ac46___Rutg._HL 3671.JPG,6,Peach___healthy,61,60,7,3,0.6707721,0.6187500,0.6222427,0.0600573,0.0570232,0.0532032,0.0000000,0.0000000,0.0000000
7227,train/Peach___healthy/017d3d86-12bf-4280-8929-10dcd504ac46___Rutg._HL 3671.JPG,6,Peach___healthy,62,61,7,2,0.6882966,0.6408701,0.6466299,0.0263102,0.0392852,0.0301604,0.0000000,0.0000000,0.0000000
7227,train/Peach___healthy/017d3d86-12bf-4280-8929-10dcd504ac46___Rutg._HL 3671.JPG,6,Peach___healthy,63,62,7,1,0.6950368,0.6479779,0.6558211,0.0099417,0.0123373,0.0110739,0.0000000,0.0000000,0.0000000
7227,train/Peach___healthy/017d3d86-12bf-4280-8929-10dcd504ac46___Rutg._HL 3671.JPG,6,Peach___healthy,64,63,7,0,0.7088236,0.6617647,0.6696079,0.0200381,0.0235483,0.0163230,0.0000000,0.0000000,0.0000000
7457,train/Soybean___healthy/0007ca44-b81d-475c-b8b5-c226a041f020___RS_HL 6331.JPG,7,Soybean___healthy,1,0,0,0,0.6368873,0.5957721,0.6583946,0.0000000,0.0000000,0.0000000,0.0000000,0.0000000,0.0000000
7457,train/Soybean___healthy/0007ca44-b81d-475c-b8b5-c226a041f020___RS_HL 6331.JPG,7,Soybean___healthy,2,1,0,1,0.6277574,0.5865809,0.6488358,0.0000000,0.0000000,0.0000000,0.0145838,0.0171774,0.0113704
7457,train/Soybean___healthy/0007ca44-b81d-475c-b8b5-c226a041f020___RS_HL 6331.JPG,7,Soybean___healthy,3,2,0,2,0.6277574,0.5881128,0.6434436,0.0000000,0.0029172,0.0000000,0.0000000,0.0000000,0.0064883
7457,train/Soybean___healthy/0007ca44-b81d-475c-b8b5-c226a041f020___RS_HL 6331.JPG,7,Soybean___healthy,4,3,0,3,0.6091912,0.5778799,0.6147672,0.0000000,0.0000000,0.0000000,0.0303211,0.0193926,0.0354402
7457,train/Soybean___healthy/0007ca44-b81d-475c-b8b5-c226a041f020___RS_HL 6331.JPG,7,Soybean___healthy,5,4,0,4,0.3619485,0.4860294,0.3724878,0.0000000,0.0000000,0.0000000,0.5142986,0.1907703,0.3816023
7457,train/Soybean___healthy/0007ca44-b81d-475c-b8b5-c226a041f020___RS_HL 6331.JPG,7,Soybean___healthy,6,5,0,5,0.4078431,0.4150123,0.4183824,0.1216484,0.0000000,0.0910646,0.0000000,0.1741615,0.0000000
7457,train/Soybean___healthy/0007ca44-b81d-475c-b8b5-c226a041f020___RS_HL 6331.JPG,7,Soybean___healthy,7,6,0,6,0.6127451,0.5664828,0.6039216,0.4096507,0.3452406,0.2848057,0.0000000,0.0000000,0.0000000
7457,train/Soybean___healthy/0007ca44-b81d-475c-b8b5-c226a041f020___RS_HL 6331.JPG,7,Soybean___healthy,8,7,0,7,0.6025123,0.5554535,0.5946079,0.0000000,0.0000000,0.0000000,0.0170098,0.0217228,0.0120836
7457,train/Soybean___healthy/0007ca44-b81d-475c-b8b5-c226a041f020___RS_HL 6331.JPG,7,Soybean___healthy,9,8,1,7,0.6212010,0.5715074,0.6072304,0.0311614,0.0318679,0.0164814,0.0000000,0.0000000,0.0000000
7457,train/Soybean___healthy/0007ca44-b81d-475c-b8b5-c226a041f020___RS_HL 6331.JPG,7,Soybean___healthy,10,9,1,6,0.4640319,0.4672794,0.4598039,0.0000000,0.0000000,0.0000000,0.2925621,0.2217133,0.2148428
7457,train/Soybean___healthy/0007ca44-b81d-475c-b8b5-c226a041f020___RS_HL 6331.JPG,7,Soybean___healthy,11,10,1,5,0.3214461,0.4580270,0.3433211,0.0000000,0.0000000,0.0000000,0.3667041,0.0220956,0.2255290
7457,train/Soybean___healthy/0007ca44-b81d-475c-b8b5-c226a041f020___RS_HL 6331.JPG,7,Soybean___healthy,12,11,1,4,0.3875613,0.5352941,0.4088848,0.1902692,0.1740151,0.1367791,0.0000000,0.0000000,0.0000000
7457,train/Soybean___healthy/0007ca44-b81d-475c-b8b5-c226a041f020___RS_HL 6331.JPG,7,Soybean___healthy,13,12,1,3,0.3852329,0.5054535,0.3855392,0.0000000,0.0000000,0.0000000,0.0060866,0.0633573,0.0456958
7457,train/Soybean___healthy/0007ca44-b81d-475c-b8b5-c226a041f020___RS_HL 6331.JPG,7,Soybean___healthy,14,13,1,2,0.5823529,0.5767157,0.5774510,0.4156803,0.1473147,0.3127322,0.0000000,0.0000000,0.0000000
7457,train/Soybean___healthy/0007ca44-b81d-475c-b8b5-c226a041f020___RS_HL 6331.JPG,7,Soybean___healthy,15,14,1,1,0.6479779,0.5979167,0.6566789,0.1088343,0.0403771,0.1007420,0.0000000,0.0000000,0.0000000
7457,train/Soybean___healthy/0007ca44-b81d-475c-b8b5-c226a041f020___RS_HL 6331.JPG,7,Soybean___healthy,16,15,1,0,0.6533701,0.6026348,0.6688726,0.0084545,0.0087918,0.0144355,0.0000000,0.0000000,0.0000000
7457,train/Soybean___healthy/0007ca44-b81d-475c-b8b5-c226a041f020___RS_HL 6331.JPG,7,Soybean___healthy,17,16,2,0,0.6914828,0.6444853,0.6951593,0.0578247,0.0750713,0.0302416,0.0000000,0.0000000,0.0000000
7457,train/Soybean___healthy/0007ca44-b81d-475c-b8b5-c226a041f020___RS_HL 6331.JPG,7,Soybean___healthy,18,17,2,1,0.5337010,0.5700368,0.5146446,0.0000000,0.0000000,0.0000000,0.2601534,0.1354518,0.2320178
7457,train/Soybean___healthy/0007ca44-b81d-475c-b8b5-c226a041f020___RS_HL 6331.JPG,7,Soybean___healthy,19,18,2,2,0.3357230,0.4764706,0.3323529,0.0000000,0.0000000,0.0000000,0.4600011,0.1975652,0.3346635
7457,train/Soybean___healthy/0007ca44-b81d-475c-b8b5-c226a041f020___RS_HL 6331.JPG,7,Soybean___healthy,20,19,2,3,0.3272059,0.4732843,0.3361520,0.0000000,0.0000000,0.0089178,0.0259538,0.0074132,0.0000000
7457,train/Soybean___healthy/0007ca44-b81d-475c-b8b5-c226a041f020___RS_HL 6331.JPG,7,Soybean___healthy,21,20,2,4,0.3645833,0.5180760,0.3817402,0.1102437,0.1010759,0.0996521,0.0000000,0.0000000,0.0000000
7457,train/Soybean___healthy/0007ca44-b81d-475c-b8b5-c226a041f020___RS_HL 6331.JPG,7,Soybean___healthy,22,21,2,5,0.3479167,0.5012255,0.3713848,0.0000000,0.0000000,0.0000000,0.0472539,0.0365295,0.0213808
7457,train/Soybean___healthy/0007ca44-b81d-475c-b8b5-c226a041f020___RS_HL 6331.JPG,7,Soybean___healthy,23,22,2,6,0.3112745,0.4501226,0.3287990,0.0000000,0.0000000,0.0000000,0.1122905,0.1186972,0.0945749
7457,train/Soybean___healthy/0007ca44-b81d-475c-b8b5-c226a041f020___RS_HL 6331.JPG,7,Soybean___healthy,24,23,2,7,0.5096814,0.5018995,0.4944240,0.4931225,0.1216666,0.3157193,0.0000000,0.0000000,0.0000000
7457,train/Soybean___healthy/0007ca44-b81d-475c-b8b5-c226a041f020___RS_HL 6331.JPG,7,Soybean___healthy,25,24,3,7,0.3027574,0.4043505,0.2986520,0.0000000,0.0000000,0.0000000,0.5145102,0.2378531,0.3838482
7457,train/Soybean___healthy/0007ca44-b81d-475c-b8b5-c226a041f020___RS_HL 6331.JPG,7,Soybean___healthy,26,25,3,6,0.2662378,0.4033701,0.2711397,0.0000000,0.0000000,0.0000000,0.1296554,0.0026820,0.0750816
7457,train/Soybean___healthy/0007ca44-b81d-475c-b8b5-c226a041f020___RS_HL 6331.JPG,7,Soybean___healthy,27,26,3,5,0.2921569,0.4325368,0.3058211,0.0947102,0.0780568,0.0943284,0.0000000,0.0000000,0.0000000
7457,train/Soybean___healthy/0007ca44-b81d-475c-b8b5-c226a041f020___RS_HL 6331.JPG,7,Soybean___healthy,28,27,3,4,0.2642157,0.3999387,0.2721814,0.0000000,0.0000000,0.0000000,0.1014500,0.0865274,0.0904994
7457,train/Soybean___healthy/0007ca44-b81d-475c-b8b5-c226a041f020___RS_HL 6331.JPG,7,Soybean___healthy,29,28,3,3,0.2740809,0.4175858,0.2743873,0.0373940,0.0482895,0.0063333,0.0000000,0.0000000,0.0000000
7457,train/Soybean___healthy/0007ca44-b81d-475c-b8b5-c226a041f020___RS_HL 6331.JPG,7,Soybean___healthy,30,29,3,2,0.2953432,0.4364583,0.2979780,0.0761888,0.0494347,0.0646785,0.0000000,0.0000000,0.0000000
7457,train/Soybean___healthy/0007ca44-b81d-475c-b8b5-c226a041f020___RS_HL 6331.JPG,7,Soybean___healthy,31,30,3,1,0.3209559,0.4557598,0.2948529,0.0847974,0.0483951,0.0000000,0.0000000,0.0000000,0.0081968
7457,train/Soybean___healthy/0007ca44-b81d-475c-b8b5-c226a041f020___RS_HL 6331.JPG,7,Soybean___healthy,32,31,3,0,0.6080883,0.6052083,0.5795344,0.6306143,0.3151164,0.5109143,0.0000000,0.0000000,0.0000000
7457,train/Soybean___healthy/0007ca44-b81d-475c-b8b5-c226a041f020___RS_HL 6331.JPG,7,Soybean___healthy,33,32,4,0,0.4257353,0.5229779,0.3822304,0.0000000,0.0000000,0.0000000,0.3563200,0.1610592,0.3189999
7457,train/Soybean___healthy/0007ca44-b81d-475c-b8b5-c226a041f020___RS_HL 6331.JPG,7,Soybean___healthy,34,33,4,1,0.3324755,0.4742647,0.3225490,0.0000000,0.0000000,0.0000000,0.2484723,0.1079394,0.1316768
7457,train/Soybean___healthy/0007ca44-b81d-475c-b8b5-c226a041f020___RS_HL 6331.JPG,7,Soybean___healthy,35,34,4,2,0.3750613,0.4982843,0.3757353,0.1228099,0.0552505,0.1195254,0.0000000,0.0000000,0.0000000
7457,train/Soybean___healthy/0007ca44-b81d-475c-b8b5-c226a041f020___RS_HL 6331.JPG,7,Soybean___healthy,36,35,4,3,0.3727941,0.4872549,0.3627451,0.0000000,0.0000000,0.0000000,0.0061240,0.0247294,0.0273527
7457,train/Soybean___healthy/0007ca44-b81d-475c-b8b5-c226a041f020___RS_HL 6331.JPG,7,Soybean___healthy,37,36,4,4,0.2675858,0.3754289,0.2598039,0.0000000,0.0000000,0.0000000,0.3318837,0.2864343,0.2571219
7457,train/Soybean___healthy/0007ca44-b81d-475c-b8b5-c226a041f020___RS_HL 6331.JPG,7,Soybean___healthy,38,37,4,5,0.3046569,0.4216299,0.3026961,0.1321821,0.1296709,0.1196597,0.0000000,0.0000000,0.0000000
7457,train/Soybean___healthy/0007ca44-b81d-475c-b8b5-c226a041f020___RS_HL 6331.JPG,7,Soybean___healthy,39,38,4,6,0.2939951,0.4120711,0.2880515,0.0000000,0.0000000,0.0000000,0.0359772,0.0253354,0.0385477
7457,train/Soybean___healthy/0007ca44-b81d-475c-b8b5-c226a041f020___RS_HL 6331.JPG,7,Soybean___healthy,40,39,4,7,0.3007353,0.4245098,0.2957721,0.0231243,0.0332621,0.0207521,0.0000000,0.0000000,0.0000000
7457,train/Soybean___healthy/0007ca44-b81d-475c-b8b5-c226a041f020___RS_HL 6331.JPG,7,Soybean___healthy,41,40,5,7,0.3067402,0.4366422,0.3102328,0.0201695,0.0315171,0.0374462,0.0000000,0.0000000,0.0000000
7457,train/Soybean___healthy/0007ca44-b81d-475c-b8b5-c226a041f020___RS_HL 6331.JPG,7,Soybean___healthy,42,41,5,6,0.3246324,0.4445466,0.3266544,0.0578223,0.0200670,0.0404618,0.0000000,0.0000000,0.0000000
7457,train/Soybean___healthy/0007ca44-b81d-475c-b8b5-c226a041f020___RS_HL 6331.JPG,7,Soybean___healthy,43,42,5,5,0.2851103,0.3908088,0.2761642,0.0000000,0.0000000,0.0000000,0.1309383,0.1421484,0.1302398
7457,train/Soybean___healthy/0007ca44-b81d-475c-b8b5-c226a041f020___RS_HL 6331.JPG,7,Soybean___healthy,44,43,5,4,0.3418505,0.4427083,0.3442402,0.1846581,0.1392934,0.1721914,0.0000000,0.0000000,0.0000000
7457,train/Soybean___healthy/0007ca44-b81d-475c-b8b5-c226a041f020___RS_HL 6331.JPG,7,Soybean___healthy,45,44,5,3,0.4203431,0.5265931,0.4091299,0.2101269,0.1936004,0.1351638,0.0000000,0.0000000,0.0000000
7457,train/Soybean___healthy/0007ca44-b81d-475c-b8b5-c226a041f020___RS_HL 6331.JPG,7,Soybean___healthy,46,45,5,2,0.4068627,0.5135417,0.4066176,0.0000000,0.0000000,0.0000000,0.0329202,0.0277270,0.0047889
7457,train/Soybean___healthy/0007ca44-b81d-475c-b8b5-c226a041f020___RS_HL 6331.JPG,7,Soybean___healthy,47,46,5,1,0.2957721,0.4163603,0.2761642,0.0000000,0.0000000,0.0000000,0.3193901,0.2309297,0.2970961
7457,train/Soybean___healthy/0007ca44-b81d-475c-b8b5-c226a041f020___RS_HL 6331.JPG,7,Soybean___healthy,48,47,5,0,0.4601103,0.5581495,0.4257353,0.4436110,0.3254908,0.3343993,0.0000000,0.0000000,0.0000000
7457,train/Soybean___healthy/0007ca44-b81d-475c-b8b5-c226a041f020___RS_HL 6331.JPG,7,Soybean___healthy,49,48,6,0,0.5797794,0.6184437,0.5445466,0.2348080,0.1146385,0.1921555,0.0000000,0.0000000,0.0000000
7457,train/Soybean___healthy/0007ca44-b81d-475c-b8b5-c226a041f020___RS_HL 6331.JPG,7,Soybean___healthy,50,49,6,1,0.4053309,0.5136030,0.3751225,0.0000000,0.0000000,0.0000000,0.3577307,0.2046442,0.2864620
7457,train/Soybean___healthy/0007ca44-b81d-475c-b8b5-c226a041f020___RS_HL 6331.JPG,7,Soybean___healthy,51,50,6,2,0.3634191,0.4677696,0.3594975,0.0000000,0.0000000,0.0000000,0.1101348,0.1032004,0.0330735
7457,train/Soybean___healthy/0007ca44-b81d-475c-b8b5-c226a041f020___RS_HL 6331.JPG,7,Soybean___healthy,52,51,6,3,0.3868873,0.5011643,0.3811274,0.0638202,0.0771018,0.0458299,0.0000000,0.0000000,0.0000000
7457,train/Soybean___healthy/0007ca44-b81d-475c-b8b5-c226a041f020___RS_HL 6331.JPG,7,Soybean___healthy,53,52,6,4,0.3156863,0.4224878,0.3149510,0.0000000,0.0000000,0.0000000,0.2047235,0.1882220,0.1478321
7457,train/Soybean___healthy/0007ca44-b81d-475c-b8b5-c226a041f020___RS_HL 6331.JPG,7,Soybean___healthy,54,53,6,5,0.3170343,0.4330882,0.3216912,0.0043472,0.0277171,0.0166138,0.0000000,0.0000000,0.0000000
7457,train/Soybean___healthy/0007ca44-b81d-475c-b8b5-c226a041f020___RS_HL 6331.JPG,7,Soybean___healthy,55,54,6,6,0.3137868,0.4344363,0.3182598,0.0000000,0.0034762,0.0000000,0.0103998,0.0000000,0.0083377
7457,train/Soybean___healthy/0007ca44-b81d-475c-b8b5-c226a041f020___RS_HL 6331.JPG,7,Soybean___healthy,56,55,6,7,0.4854167,0.5243260,0.4620098,0.4381810,0.2097397,0.2891052,0.0000000,0.0000000,0.0000000
7457,train/Soybean___healthy/0007ca44-b81d-475c-b8b5-c226a041f020___RS_HL 6331.JPG,7,Soybean___healthy,57,56,7,7,0.6623162,0.6150736,0.6335785,0.3144880,0.1781726,0.2457443,0.0000000,0.0000000,0.0000000
7457,train/Soybean___healthy/0007ca44-b81d-475c-b8b5-c226a041f020___RS_HL 6331.JPG,7,Soybean___healthy,58,57,7,6,0.6360907,0.6119485,0.6074755,0.0000000,0.0000000,0.0000000,0.0408025,0.0056277,0.0327057
7457,train/Soybean___healthy/0007ca44-b81d-475c-b8b5-c226a041f020___RS_HL 6331.JPG,7,Soybean___healthy,59,58,7,5,0.5656863,0.5849878,0.5458333,0.0000000,0.0000000,0.0000000,0.1183450,0.0497732,0.0831105
7457,train/Soybean___healthy/0007ca44-b81d-475c-b8b5-c226a041f020___RS_HL 6331.JPG,7,Soybean___healthy,60,59,7,4,0.5382966,0.5840074,0.5269608,0.0000000,0.0000000,0.0000000,0.0501186,0.0018532,0.0273551
7457,train/Soybean___healthy/0007ca44-b81d-475c-b8b5-c226a041f020___RS_HL 6331.JPG,7,Soybean___healthy,61,60,7,3,0.4802083,0.5623162,0.4354779,0.0000000,0.0000000,0.0000000,0.1152123,0.0418129,0.1478054
7457,train/Soybean___healthy/0007ca44-b81d-475c-b8b5-c226a041f020___RS_HL 6331.JPG,7,Soybean___healthy,62,61,7,2,0.4671569,0.5395221,0.4425245,0.0000000,0.0000000,0.0125943,0.0278301,0.0457129,0.0000000
7457,train/Soybean___healthy/0007ca44-b81d-475c-b8b5-c226a041f020___RS_HL 6331.JPG,7,Soybean___healthy,63,62,7,1,0.6102941,0.6376225,0.5826593,0.2710648,0.1864332,0.2145049,0.0000000,0.0000000,0.0000000
7457,train/Soybean___healthy/0007ca44-b81d-475c-b8b5-c226a041f020___RS_HL 6331.JPG,7,Soybean___healthy,64,63,7,0,0.7787991,0.7523285,0.7764706,0.2475139,0.1846155,0.2237748,0.0000000,0.0000000,0.0000000
10715,train/Tomato___Tomato_Yellow_Leaf_Curl_Virus/003bce78-28c9-4612-b148-f621e9a23bd4___YLCV_GCREC 5154.JPG,8,Tomato___Tomato_Yellow_Leaf_Curl_Virus,1,0,0,0,0.6265319,0.5777574,0.5718138,0.0000000,0.0000000,0.0000000,0.0000000,0.0000000,0.0000000
10715,train/Tomato___Tomato_Yellow_Leaf_Curl_Virus/003bce78-28c9-4612-b148-f621e9a23bd4___YLCV_GCREC 5154.JPG,8,Tomato___Tomato_Yellow_Leaf_Curl_Virus,2,1,0,1,0.6190564,0.5726716,0.5596814,0.0000000,0.0000000,0.0000000,0.0121238,0.0097686,0.0166731
10715,train/Tomato___Tomato_Yellow_Leaf_Curl_Virus/003bce78-28c9-4612-b148-f621e9a23bd4___YLCV_GCREC 5154.JPG,8,Tomato___Tomato_Yellow_Leaf_Curl_Virus,3,2,0,2,0.5620098,0.5310049,0.4681373,0.0000000,0.0000000,0.0000000,0.0975729,0.0834221,0.1384962
10715,train/Tomato___Tomato_Yellow_Leaf_Curl_Virus/003bce78-28c9-4612-b148-f621e9a23bd4___YLCV_GCREC 5154.JPG,8,Tomato___Tomato_Yellow_Leaf_Curl_Virus,4,3,0,3,0.4210784,0.4437500,0.2949142,0.0000000,0.0000000,0.0000000,0.2895935,0.1978008,0.3530006
10715,train/Tomato___Tomato_Yellow_Leaf_Curl_Virus/003bce78-28c9-4612-b148-f621e9a23bd4___YLCV_GCREC 5154.JPG,8,Tomato___Tomato_Yellow_Leaf_Curl_Virus,5,4,0,4,0.2599877,0.2481618,0.1755515,0.0000000,0.0000000,0.0000000,0.4778094,0.6246341,0.3945155
10715,train/Tomato___Tomato_Yellow_Leaf_Curl_Virus/003bce78-28c9-4612-b148-f621e9a23bd4___YLCV_GCREC 5154.JPG,8,Tomato___Tomato_Yellow_Leaf_Curl_Virus,6,5,0,5,0.5268995,0.4818015,0.4597427,0.6921069,0.7160234,0.7019859,0.0000000,0.0000000,0.0000000
10715,train/Tomato___Tomato_Yellow_Leaf_Curl_Virus/003bce78-28c9-4612-b148-f621e9a23bd4___YLCV_GCREC 5154.JPG,8,Tomato___Tomato_Yellow_Leaf_Curl_Virus,7,6,0,6,0.6149510,0.5629290,0.5364584,0.1573424,0.1737183,0.1208454,0.0000000,0.0000000,0.0000000
10715,train/Tomato___Tomato_Yellow_Leaf_Curl_Virus/003bce78-28c9-4612-b148-f621e9a23bd4___YLCV_GCREC 5154.JPG,8,Tomato___Tomato_Yellow_Leaf_Curl_Virus,8,7,0,7,0.6039829,0.5490809,0.5370098,0.0000000,0.0000000,0.0008062,0.0181772,0.0275178,0.0000000
10715,train/Tomato___Tomato_Yellow_Leaf_Curl_Virus/003bce78-28c9-4612-b148-f621e9a23bd4___YLCV_GCREC 5154.JPG,8,Tomato___Tomato_Yellow_Leaf_Curl_Virus,9,8,1,7,0.6082721,0.5542892,0.5358456,0.0072194,0.0105598,0.0000000,0.0000000,0.0000000,0.0016874
10715,train/Tomato___Tomato_Yellow_Leaf_Curl_Virus/003bce78-28c9-4612-b148-f621e9a23bd4___YLCV_GCREC 5154.JPG,8,Tomato___Tomato_Yellow_Leaf_Curl_Virus,10,9,1,6,0.5297182,0.4838848,0.4484069,0.0000000,0.0000000,0.0000000,0.1394451,0.1498524,0.1381405
10715,train/Tomato___Tomato_Yellow_Leaf_Curl_Virus/003bce78-28c9-4612-b148-f621e9a23bd4___YLCV_GCREC 5154.JPG,8,Tomato___Tomato_Yellow_Leaf_Curl_Virus,11,10,1,5,0.2757353,0.2895221,0.1555760,0.0000000,0.0000000,0.0000000,0.6369973,0.5553141,0.7539033
10715,train/Tomato___Tomato_Yellow_Leaf_Curl_Virus/003bce78-28c9-4612-b148-f621e9a23bd4___YLCV_GCREC 5154.JPG,8,Tomato___Tomato_Yellow_Leaf_Curl_Virus,12,11,1,4,0.3000000,0.3859681,0.1554534,0.0859944,0.3194088,0.0000000,0.0000000,0.0000000,0.0006127
10715,train/Tomato___Tomato_Yellow_Leaf_Curl_Virus/003bce78-28c9-4612-b148-f621e9a23bd4___YLCV_GCREC 5154.JPG,8,Tomato___Tomato_Yellow_Leaf_Curl_Virus,13,12,1,3,0.2802696,0.3996936,0.1721201,0.0000000,0.0390817,0.0798421,0.0686877,0.0000000,0.0000000
10715,train/Tomato___Tomato_Yellow_Leaf_Curl_Virus/003bce78-28c9-4612-b148-f621e9a23bd4___YLCV_GCREC 5154.JPG,8,Tomato___Tomato_Yellow_Leaf_Curl_Virus,14,13,1,2,0.4395221,0.4524510,0.3314951,0.4514371,0.1385005,0.4966081,0.0000000,0.0000000,0.0000000
10715,train/Tomato___Tomato_Yellow_Leaf_Curl_Virus/003bce78-28c9-4612-b148-f621e9a23bd4___YLCV_GCREC 5154.JPG,8,Tomato___Tomato_Yellow_Leaf_Curl_Virus,15,14,1,1,0.6122549,0.5648897,0.5450981,0.3350961,0.2472472,0.3823860,0.0000000,0.0000000,0.0000000
10715,train/Tomato___Tomato_Yellow_Leaf_Curl_Virus/003bce78-28c9-4612-b148-f621e9a23bd4___YLCV_GCREC 5154.JPG,8,Tomato___Tomato_Yellow_Leaf_Curl_Virus,16,15,1,0,0.6237745,0.5802696,0.5722427,0.0190164,0.0300448,0.0381233,0.0000000,0.0000000,0.0000000
10715,train/Tomato___Tomato_Yellow_Leaf_Curl_Virus/003bce78-28c9-4612-b148-f621e9a23bd4___YLCV_GCREC 5154.JPG,8,Tomato___Tomato_Yellow_Leaf_Curl_Virus,17,16,2,0,0.6423407,0.5988358,0.5860907,0.0299204,0.0352251,0.0187606,0.0000000,0.0000000,0.0000000
10715,train/Tomato___Tomato_Yellow_Leaf_Curl_Virus/003bce78-28c9-4612-b148-f621e9a23bd4___YLCV_GCREC 5154.JPG,8,Tomato___Tomato_Yellow_Leaf_Curl_Virus,18,17,2,1,0.6272672,0.5797182,0.5436275,0.0000000,0.0000000,0.0000000,0.0239839,0.0358442,0.0584475
10715,train/Tomato___Tomato_Yellow_Leaf_Curl_Virus/003bce78-28c9-4612-b148-f621e9a23bd4___YLCV_GCREC 5154.JPG,8,Tomato___Tomato_Yellow_Leaf_Curl_Virus,19,18,2,2,0.3186888,0.3720588,0.1532476,0.0000000,0.0000000,0.0000000,0.6589741,0.4821144,0.8710762
10715,train/Tomato___Tomato_Yellow_Leaf_Curl_Virus/003bce78-28c9-4612-b148-f621e9a23bd4___YLCV_GCREC 5154.JPG,8,Tomato___Tomato_Yellow_Leaf_Curl_Virus,20,19,2,3,0.2014706,0.3048407,0.1414828,0.0000000,0.0000000,0.0000000,0.4552310,0.2194300,0.0620696
10715,train/Tomato___Tomato_Yellow_Leaf_Curl_Virus/003bce78-28c9-4612-b148-f621e9a23bd4___YLCV_GCREC 5154.JPG,8,Tomato___Tomato_Yellow_Leaf_Curl_Virus,21,20,2,4,0.2268995,0.3340074,0.1502451,0.1211229,0.1021341,0.0471335,0.0000000,0.0000000,0.0000000
10715,train/Tomato___Tomato_Yellow_Leaf_Curl_Virus/003bce78-28c9-4612-b148-f621e9a23bd4___YLCV_GCREC 5154.JPG,8,Tomato___Tomato_Yellow_Leaf_Curl_Virus,22,21,2,5,0.3235907,0.4497549,0.1564338,0.3583892,0.3303765,0.0316671,0.0000000,0.0000000,0.0000000
10715,train/Tomato___Tomato_Yellow_Leaf_Curl_Virus/003bce78-28c9-4612-b148-f621e9a23bd4___YLCV_GCREC 5154.JPG,8,Tomato___Tomato_Yellow_Leaf_Curl_Virus,23,22,2,6,0.2525123,0.3112133,0.1397059,0.0000000,0.0000000,0.0000000,0.2492362,0.4022978,0.0878352
10715,train/Tomato___Tomato_Yellow_Leaf_Curl_Virus/003bce78-28c9-4612-b148-f621e9a23bd4___YLCV_GCREC 5154.JPG,8,Tomato___Tomato_Yellow_Leaf_Curl_Virus,24,23,2,7,0.3833334,0.3523284,0.3430147,0.4198014,0.1386167,0.6609259,0.0000000,0.0000000,0.0000000
10715,train/Tomato___Tomato_Yellow_Leaf_Curl_Virus/003bce78-28c9-4612-b148-f621e9a23bd4___YLCV_GCREC 5154.JPG,8,Tomato___Tomato_Yellow_Leaf_Curl_Virus,25,24,3,7,0.2354167,0.2328431,0.1961397,0.0000000,0.0000000,0.0000000,0.4829202,0.4511956,0.4236021
10715,train/Tomato___Tomato_Yellow_Leaf_Curl_Virus/003bce78-28c9-4612-b148-f621e9a23bd4___YLCV_GCREC 5154.JPG,8,Tomato___Tomato_Yellow_Leaf_Curl_Virus,26,25,3,6,0.3338848,0.4666667,0.1833946,0.3529158,0.7477836,0.0000000,0.0000000,0.0000000,0.0522174
10715,train/Tomato___Tomato_Yellow_Leaf_Curl_Virus/003bce78-28c9-4612-b148-f621e9a23bd4___YLCV_GCREC 5154.JPG,8,Tomato___Tomato_Yellow_Leaf_Curl_Virus,27,26,3,5,0.2910539,0.4109069,0.1613971,0.0000000,0.0000000,0.0000000,0.1384500,0.1404014,0.0992066
10715,train/Tomato___Tomato_Yellow_Leaf_Curl_Virus/003bce78-28c9-4612-b148-f621e9a23bd4___YLCV_GCREC 5154.JPG,8,Tomato___Tomato_Yellow_Leaf_Curl_Virus,28,27,3,4,0.2724878,0.3941177,0.1945466,0.0000000,0.0000000,0.1461464,0.0665533,0.0460846,0.0000000
10715,train/Tomato___Tomato_Yellow_Leaf_Curl_Virus/003bce78-28c9-4612-b148-f621e9a23bd4___YLCV_GCREC 5154.JPG,8,Tomato___Tomato_Yellow_Leaf_Curl_Virus,29,28,3,3,0.1547794,0.2414829,0.0926471,0.0000000,0.0000000,0.0000000,0.5565200,0.5306436,0.5517215
10715,train/Tomato___Tomato_Yellow_Leaf_Curl_Virus/003bce78-28c9-4612-b148-f621e9a23bd4___YLCV_GCREC 5154.JPG,8,Tomato___Tomato_Yellow_Leaf_Curl_Virus,30,29,3,2,0.2678922,0.3550858,0.1300858,0.5460419,0.4260010,0.2637717,0.0000000,0.0000000,0.0000000
10715,train/Tomato___Tomato_Yellow_Leaf_Curl_Virus/003bce78-28c9-4612-b148-f621e9a23bd4___YLCV_GCREC 5154.JPG,8,Tomato___Tomato_Yellow_Leaf_Curl_Virus,31,30,3,1,0.4894608,0.5363358,0.3026348,0.5969362,0.4548588,0.6257448,0.0000000,0.0000000,0.0000000
10715,train/Tomato___Tomato_Yellow_Leaf_Curl_Virus/003bce78-28c9-4612-b148-f621e9a23bd4___YLCV_GCREC 5154.JPG,8,Tomato___Tomato_Yellow_Leaf_Curl_Virus,32,31,3,0,0.6431373,0.6001226,0.5881740,0.2768533,0.1255621,0.5030071,0.0000000,0.0000000,0.0000000
10715,train/Tomato___Tomato_Yellow_Leaf_Curl_Virus/003bce78-28c9-4612-b148-f621e9a23bd4___YLCV_GCREC 5154.JPG,8,Tomato___Tomato_Yellow_Leaf_Curl_Virus,33,32,4,0,0.5690564,0.5561275,0.4683824,0.0000000,0.0000000,0.0000000,0.1234548,0.0840788,0.1763022
10715,train/Tomato___Tomato_Yellow_Leaf_Curl_Virus/003bce78-28c9-4612-b148-f621e9a23bd4___YLCV_GCREC 5154.JPG,8,Tomato___Tomato_Yellow_Leaf_Curl_Virus,34,33,4,1,0.2419118,0.3284314,0.0955270,0.0000000,0.0000000,0.0000000,0.8149099,0.5688041,1.0000000
10715,train/Tomato___Tomato_Yellow_Leaf_Curl_Virus/003bce78-28c9-4612-b148-f621e9a23bd4___YLCV_GCREC 5154.JPG,8,Tomato___Tomato_Yellow_Leaf_Curl_Virus,35,34,4,2,0.3453431,0.4668505,0.1799020,0.3593713,0.3893647,0.4807242,0.0000000,0.0000000,0.0000000
10715,train/Tomato___Tomato_Yellow_Leaf_Curl_Virus/003bce78-28c9-4612-b148-f621e9a23bd4___YLCV_GCREC 5154.JPG,8,Tomato___Tomato_Yellow_Leaf_Curl_Virus,36,35,4,3,0.1527574,0.2468137,0.0851103,0.0000000,0.0000000,0.0000000,0.7810530,0.6812947,0.5561945
10715,train/Tomato___Tomato_Yellow_Leaf_Curl_Virus/003bce78-28c9-4612-b148-f621e9a23bd4___YLCV_GCREC 5154.JPG,8,Tomato___Tomato_Yellow_Leaf_Curl_Virus,37,36,4,4,0.3166667,0.4390931,0.2168505,0.7124525,0.6271179,0.6846357,0.0000000,0.0000000,0.0000000
10715,train/Tomato___Tomato_Yellow_Leaf_Curl_Virus/003bce78-28c9-4612-b148-f621e9a23bd4___YLCV_GCREC 5154.JPG,8,Tomato___Tomato_Yellow_Leaf_Curl_Virus,38,37,4,5,0.2687500,0.4002451,0.1748774,0.0000000,0.0000000,0.0000000,0.1653464,0.1022742,0.1666130
10715,train/Tomato___Tomato_Yellow_Leaf_Curl_Virus/003bce78-28c9-4612-b148-f621e9a23bd4___YLCV_GCREC 5154.JPG,8,Tomato___Tomato_Yellow_Leaf_Curl_Virus,39,38,4,6,0.3120098,0.4391544,0.1652574,0.1519867,0.1036971,0.0000000,0.0000000,0.0000000,0.0439795
10715,train/Tomato___Tomato_Yellow_Leaf_Curl_Virus/003bce78-28c9-4612-b148-f621e9a23bd4___YLCV_GCREC 5154.JPG,8,Tomato___Tomato_Yellow_Leaf_Curl_Virus,40,39,4,7,0.1984681,0.2052083,0.1819853,0.0000000,0.0000000,0.0755965,0.4493157,0.8022671,0.0000000
10715,train/Tomato___Tomato_Yellow_Leaf_Curl_Virus/003bce78-28c9-4612-b148-f621e9a23bd4___YLCV_GCREC 5154.JPG,8,Tomato___Tomato_Yellow_Leaf_Curl_Virus,41,40,5,7,0.4668505,0.4291667,0.4287378,0.8230802,0.7897738,0.6340299,0.0000000,0.0000000,0.0000000
10715,train/Tomato___Tomato_Yellow_Leaf_Curl_Virus/003bce78-28c9-4612-b148-f621e9a23bd4___YLCV_GCREC 5154.JPG,8,Tomato___Tomato_Yellow_Leaf_Curl_Virus,42,41,5,6,0.4075980,0.4978554,0.2381127,0.0000000,0.1657590,0.0000000,0.1368819,0.0000000,0.4445032
10715,train/Tomato___Tomato_Yellow_Leaf_Curl_Virus/003bce78-28c9-4612-b148-f621e9a23bd4___YLCV_GCREC 5154.JPG,8,Tomato___Tomato_Yellow_Leaf_Curl_Virus,43,42,5,5,0.3292280,0.4570466,0.1942402,0.0000000,0.0000000,0.0000000,0.2148617,0.0944342,0.1577893
10715,train/Tomato___Tomato_Yellow_Leaf_Curl_Virus/003bce78-28c9-4612-b148-f621e9a23bd4___YLCV_GCREC 5154.JPG,8,Tomato___Tomato_Yellow_Leaf_Curl_Virus,44,43,5,4,0.3092525,0.4275735,0.2328431,0.0000000,0.0000000,0.1418405,0.0632009,0.0736210,0.0000000
10715,train/Tomato___Tomato_Yellow_Leaf_Curl_Virus/003bce78-28c9-4612-b148-f621e9a23bd4___YLCV_GCREC 5154.JPG,8,Tomato___Tomato_Yellow_Leaf_Curl_Virus,45,44,5,3,0.2185662,0.3452206,0.1315564,0.0000000,0.0000000,0.0000000,0.3470805,0.2354773,0.4322130
10715,train/Tomato___Tomato_Yellow_Leaf_Curl_Virus/003bce78-28c9-4612-b148-f621e9a23bd4___YLCV_GCREC 5154.JPG,8,Tomato___Tomato_Yellow_Leaf_Curl_Virus,46,45,5,2,0.2161765,0.3261642,0.1250613,0.0000000,0.0000000,0.0000000,0.0111041,0.0627195,0.0393570
10715,train/Tomato___Tomato_Yellow_Leaf_Curl_Virus/003bce78-28c9-4612-b148-f621e9a23bd4___YLCV_GCREC 5154.JPG,8,Tomato___Tomato_Yellow_Leaf_Curl_Virus,47,46,5,1,0.1797181,0.2656863,0.0761642,0.0000000,0.0000000,0.0000000,0.1860332,0.2257972,0.3778520
10715,train/Tomato___Tomato_Yellow_Leaf_Curl_Virus/003bce78-28c9-4612-b148-f621e9a23bd4___YLCV_GCREC 5154.JPG,8,Tomato___Tomato_Yellow_Leaf_Curl_Virus,48,47,5,0,0.5509191,0.5496324,0.4501226,1.0000000,0.7790946,1.0000000,0.0000000,0.0000000,0.0000000
10715,train/Tomato___Tomato_Yellow_Leaf_Curl_Virus/003bce78-28c9-4612-b148-f621e9a23bd4___YLCV_GCREC 5154.JPG,8,Tomato___Tomato_Yellow_Leaf_Curl_Virus,49,48,6,0,0.6222427,0.5795344,0.5707721,0.1240490,0.0592412,0.1854546,0.0000000,0.0000000,0.0000000
10715,train/Tomato___Tomato_Yellow_Leaf_Curl_Virus/003bce78-28c9-4612-b148-f621e9a23bd4___YLCV_GCREC 5154.JPG,8,Tomato___Tomato_Yellow_Leaf_Curl_Virus,50,49,6,1,0.4821078,0.5134804,0.3643382,0.0000000,0.0000000,0.0000000,0.2563380,0.1335385,0.3432747
10715,train/Tomato___Tomato_Yellow_Leaf_Curl_Virus/003bce78-28c9-4612-b148-f621e9a23bd4___YLCV_GCREC 5154.JPG,8,Tomato___Tomato_Yellow_Leaf_Curl_Virus,51,50,6,2,0.2414216,0.3400735,0.1568628,0.0000000,0.0000000,0.0000000,0.6719990,0.4489202,0.6189917
10715,train/Tomato___Tomato_Yellow_Leaf_Curl_Virus/003bce78-28c9-4612-b148-f621e9a23bd4___YLCV_GCREC 5154.JPG,8,Tomato___Tomato_Yellow_Leaf_Curl_Virus,52,51,6,3,0.3017770,0.3877451,0.2358456,0.2267123,0.1465271,0.3156130,0.0000000,0.0000000,0.0000000
10715,train/Tomato___Tomato_Yellow_Leaf_Curl_Virus/003bce78-28c9-4612-b148-f621e9a23bd4___YLCV_GCREC 5154.JPG,8,Tomato___Tomato_Yellow_Leaf_Curl_Virus,53,52,6,4,0.3985294,0.4349265,0.3364584,0.2818978,0.1282997,0.2758791,0.0000000,0.0000000,0.0000000
10715,train/Tomato___Tomato_Yellow_Leaf_Curl_Virus/003bce78-28c9-4612-b148-f621e9a23bd4___YLCV_GCREC 5154.JPG,8,Tomato___Tomato_Yellow_Leaf_Curl_Virus,54,53,6,5,0.5387255,0.5375613,0.4520833,0.3052082,0.2360980,0.2301017,0.0000000,0.0000000,0.0000000
10715,train/Tomato___Tomato_Yellow_Leaf_Curl_Virus/003bce78-28c9-4612-b148-f621e9a23bd4___YLCV_GCREC 5154.JPG,8,Tomato___Tomato_Yellow_Leaf_Curl_Virus,55,54,6,6,0.6335785,0.5892770,0.5697304,0.1650931,0.1026697,0.1806767,0.0000000,0.0000000,0.0000000
10715,train/Tomato___Tomato_Yellow_Leaf_Curl_Virus/003bce78-28c9-4612-b148-f621e9a23bd4___YLCV_GCREC 5154.JPG,8,Tomato___Tomato_Yellow_Leaf_Curl_Virus,56,55,6,7,0.6060662,0.5569240,0.5490809,0.0000000,0.0000000,0.0000000,0.0448335,0.0623716,0.0286996
10715,train/Tomato___Tomato_Yellow_Leaf_Curl_Virus/003bce78-28c9-4612-b148-f621e9a23bd4___YLCV_GCREC 5154.JPG,8,Tomato___Tomato_Yellow_Leaf_Curl_Virus,57,56,7,7,0.6177084,0.5640319,0.5513481,0.0194111,0.0141851,0.0032331,0.0000000,0.0000000,0.0000000
10715,train/Tomato___Tomato_Yellow_Leaf_Curl_Virus/003bce78-28c9-4612-b148-f621e9a23bd4___YLCV_GCREC 5154.JPG,8,Tomato___Tomato_Yellow_Leaf_Curl_Virus,58,57,7,6,0.6399510,0.5868873,0.5688726,0.0360862,0.0444248,0.0245490,0.0000000,0.0000000,0.0000000
10715,train/Tomato___Tomato_Yellow_Leaf_Curl_Virus/003bce78-28c9-4612-b148-f621e9a23bd4___YLCV_GCREC 5154.JPG,8,Tomato___Tomato_Yellow_Leaf_Curl_Virus,59,58,7,5,0.6420344,0.5873775,0.5781863,0.0033159,0.0009339,0.0127418,0.0000000,0.0000000,0.0000000
10715,train/Tomato___Tomato_Yellow_Leaf_Curl_Virus/003bce78-28c9-4612-b148-f621e9a23bd4___YLCV_GCREC 5154.JPG,8,Tomato___Tomato_Yellow_Leaf_Curl_Virus,60,59,7,4,0.5785539,0.5384191,0.5196691,0.0000000,0.0000000,0.0000000,0.1050617,0.0960950,0.0828823
10715,train/Tomato___Tomato_Yellow_Leaf_Curl_Virus/003bce78-28c9-4612-b148-f621e9a23bd4___YLCV_GCREC 5154.JPG,8,Tomato___Tomato_Yellow_Leaf_Curl_Virus,61,60,7,3,0.6084559,0.5636030,0.5463848,0.0514001,0.0511227,0.0393260,0.0000000,0.0000000,0.0000000
10715,train/Tomato___Tomato_Yellow_Leaf_Curl_Virus/003bce78-28c9-4612-b148-f621e9a23bd4___YLCV_GCREC 5154.JPG,8,Tomato___Tomato_Yellow_Leaf_Curl_Virus,62,61,7,2,0.6206495,0.5731618,0.5636030,0.0202424,0.0188111,0.0243423,0.0000000,0.0000000,0.0000000
10715,train/Tomato___Tomato_Yellow_Leaf_Curl_Virus/003bce78-28c9-4612-b148-f621e9a23bd4___YLCV_GCREC 5154.JPG,8,Tomato___Tomato_Yellow_Leaf_Curl_Virus,63,62,7,1,0.6325368,0.5865197,0.5795344,0.0193546,0.0257680,0.0218699,0.0000000,0.0000000,0.0000000
10715,train/Tomato___Tomato_Yellow_Leaf_Curl_Virus/003bce78-28c9-4612-b148-f621e9a23bd4___YLCV_GCREC 5154.JPG,8,Tomato___Tomato_Yellow_Leaf_Curl_Virus,64,63,7,0,0.6226716,0.5795344,0.5716912,0.0000000,0.0000000,0.0000000,0.0158768,0.0132373,0.0105938
14144,train/Tomato___healthy/000146ff-92a4-4db6-90ad-8fce2ae4fddd___GH_HL Leaf 259.1.JPG,9,Tomato___healthy,1,0,0,0,0.4360294,0.4360907,0.4576593,0.0000000,0.0000000,0.0000000,0.0000000,0.0000000,0.0000000
14144,train/Tomato___healthy/000146ff-92a4-4db6-90ad-8fce2ae4fddd___GH_HL Leaf 259.1.JPG,9,Tomato___healthy,2,1,0,1,0.4439338,0.4436887,0.4655024,0.0183283,0.0193201,0.0133323,0.0000000,0.0000000,0.0000000
14144,train/Tomato___healthy/000146ff-92a4-4db6-90ad-8fce2ae4fddd___GH_HL Leaf 259.1.JPG,9,Tomato___healthy,3,2,0,2,0.4318627,0.4369485,0.4466299,0.0000000,0.0000000,0.0000000,0.0278430,0.0169125,0.0321733
14144,train/Tomato___healthy/000146ff-92a4-4db6-90ad-8fce2ae4fddd___GH_HL Leaf 259.1.JPG,9,Tomato___healthy,4,3,0,3,0.4417279,0.4738358,0.4486520,0.0230418,0.0906030,0.0035443,0.0000000,0.0000000,0.0000000
14144,train/Tomato___healthy/000146ff-92a4-4db6-90ad-8fce2ae4fddd___GH_HL Leaf 259.1.JPG,9,Tomato___healthy,5,4,0,4,0.4435662,0.4437500,0.4823529,0.0042367,0.0000000,0.0568046,0.0000000,0.0724517,0.0000000
14144,train/Tomato___healthy/000146ff-92a4-4db6-90ad-8fce2ae4fddd___GH_HL Leaf 259.1.JPG,9,Tomato___healthy,6,5,0,5,0.4571078,0.4533088,0.4944240,0.0306777,0.0238378,0.0193929,0.0000000,0.0000000,0.0000000
14144,train/Tomato___healthy/000146ff-92a4-4db6-90ad-8fce2ae4fddd___GH_HL Leaf 259.1.JPG,9,Tomato___healthy,7,6,0,6,0.4621324,0.4542892,0.4974265,0.0111528,0.0024165,0.0047503,0.0000000,0.0000000,0.0000000
14144,train/Tomato___healthy/000146ff-92a4-4db6-90ad-8fce2ae4fddd___GH_HL Leaf 259.1.JPG,9,Tomato___healthy,8,7,0,7,0.4675245,0.4587010,0.5018383,0.0118347,0.0108100,0.0069283,0.0000000,0.0000000,0.0000000
14144,train/Tomato___healthy/000146ff-92a4-4db6-90ad-8fce2ae4fddd___GH_HL Leaf 259.1.JPG,9,Tomato___healthy,9,8,1,7,0.4729779,0.4642157,0.5073529,0.0118312,0.0133672,0.0085751,0.0000000,0.0000000,0.0000000
14144,train/Tomato___healthy/000146ff-92a4-4db6-90ad-8fce2ae4fddd___GH_HL Leaf 259.1.JPG,9,Tomato___healthy,10,9,1,6,0.4624387,0.4564338,0.4986520,0.0000000,0.0000000,0.0000000,0.0227602,0.0186777,0.0134490
14144,train/Tomato___healthy/000146ff-92a4-4db6-90ad-8fce2ae4fddd___GH_HL Leaf 259.1.JPG,9,Tomato___healthy,11,10,1,5,0.4400735,0.4441177,0.4761642,0.0000000,0.0000000,0.0000000,0.0500603,0.0302204,0.0358713
14144,train/Tomato___healthy/000146ff-92a4-4db6-90ad-8fce2ae4fddd___GH_HL Leaf 259.1.JPG,9,Tomato___healthy,12,11,1,4,0.4161152,0.4801471,0.4178922,0.0000000,0.0872052,0.0000000,0.0565276,0.0000000,0.1013489
14144,train/Tomato___healthy/000146ff-92a4-4db6-90ad-8fce2ae4fddd___GH_HL Leaf 259.1.JPG,9,Tomato___healthy,13,12,1,3,0.4296569,0.5325981,0.4057598,0.0326691,0.1158605,0.0000000,0.0000000,0.0000000,0.0229047
14144,train/Tomato___healthy/000146ff-92a4-4db6-90ad-8fce2ae4fddd___GH_HL Leaf 259.1.JPG,9,Tomato___healthy,14,13,1,2,0.4105392,0.4756740,0.3973039,0.0000000,0.0000000,0.0000000,0.0459650,0.1247533,0.0163731
14144,train/Tomato___healthy/000146ff-92a4-4db6-90ad-8fce2ae4fddd___GH_HL Leaf 259.1.JPG,9,Tomato___healthy,15,14,1,1,0.4056985,0.4098039,0.4280024,0.0000000,0.0000000,0.0583707,0.0119802,0.1643783,0.0000000
14144,train/Tomato___healthy/000146ff-92a4-4db6-90ad-8fce2ae4fddd___GH_HL Leaf 259.1.JPG,9,Tomato___healthy,16,15,1,0,0.4097427,0.4136642,0.4332721,0.0101193,0.0104871,0.0096013,0.0000000,0.0000000,0.0000000
14144,train/Tomato___healthy/000146ff-92a4-4db6-90ad-8fce2ae4fddd___GH_HL Leaf 259.1.JPG,9,Tomato___healthy,17,16,2,0,0.3887868,0.3978554,0.4165441,0.0000000,0.0000000,0.0000000,0.0530138,0.0430461,0.0306085
14144,train/Tomato___healthy/000146ff-92a4-4db6-90ad-8fce2ae4fddd___GH_HL Leaf 259.1.JPG,9,Tomato___healthy,18,17,2,1,0.3808824,0.4287990,0.3840074,0.0000000,0.0837392,0.0000000,0.0207462,0.0000000,0.0631987
14144,train/Tomato___healthy/000146ff-92a4-4db6-90ad-8fce2ae4fddd___GH_HL Leaf 259.1.JPG,9,Tomato___healthy,19,18,2,2,0.4037990,0.5048407,0.3871936,0.0595904,0.1822024,0.0064834,0.0000000,0.0000000,0.0000000
14144,train/Tomato___healthy/000146ff-92a4-4db6-90ad-8fce2ae4fddd___GH_HL Leaf 259.1.JPG,9,Tomato___healthy,20,19,2,3,0.4197917,0.5233456,0.4004289,0.0396211,0.0402620,0.0263699,0.0000000,0.0000000,0.0000000
14144,train/Tomato___healthy/000146ff-92a4-4db6-90ad-8fce2ae4fddd___GH_HL Leaf 259.1.JPG,9,Tomato___healthy,21,20,2,4,0.4045956,0.5036152,0.3881128,0.0000000,0.0000000,0.0000000,0.0372369,0.0424537,0.0242870
14144,train/Tomato___healthy/000146ff-92a4-4db6-90ad-8fce2ae4fddd___GH_HL Leaf 259.1.JPG,9,Tomato___healthy,22,21,2,5,0.4210784,0.4864584,0.4215686,0.0407326,0.0000000,0.0648412,0.0000000,0.0382916,0.0000000
14144,train/Tomato___healthy/000146ff-92a4-4db6-90ad-8fce2ae4fddd___GH_HL Leaf 259.1.JPG,9,Tomato___healthy,23,22,2,6,0.4390931,0.4413603,0.4723652,0.0427327,0.0000000,0.0891706,0.0000000,0.1074060,0.0000000
14144,train/Tomato___healthy/000146ff-92a4-4db6-90ad-8fce2ae4fddd___GH_HL Leaf 259.1.JPG,9,Tomato___healthy,24,23,2,7,0.4556985,0.4478554,0.4909927,0.0378656,0.0163403,0.0303430,0.0000000,0.0000000,0.0000000
14144,train/Tomato___healthy/000146ff-92a4-4db6-90ad-8fce2ae4fddd___GH_HL Leaf 259.1.JPG,9,Tomato___healthy,25,24,3,7,0.4517770,0.4478554,0.4889706,0.0000000,0.0000000,0.0000000,0.0087297,0.0000000,0.0032085
14144,train/Tomato___healthy/000146ff-92a4-4db6-90ad-8fce2ae4fddd___GH_HL Leaf 259.1.JPG,9,Tomato___healthy,26,25,3,6,0.4197304,0.4550245,0.4373162,0.0000000,0.0177631,0.0000000,0.0742821,0.0000000,0.0867133
14144,train/Tomato___healthy/000146ff-92a4-4db6-90ad-8fce2ae4fddd___GH_HL Leaf 259.1.JPG,9,Tomato___healthy,27,26,3,5,0.4030025,0.5030637,0.3939951,0.0000000,0.1121688,0.0000000,0.0410730,0.0000000,0.0810325
14144,train/Tomato___healthy/000146ff-92a4-4db6-90ad-8fce2ae4fddd___GH_HL Leaf 259.1.JPG,9,Tomato___healthy,28,27,3,4,0.4107843,0.5156863,0.3981618,0.0195114,0.0277179,0.0082541,0.0000000,0.0000000,0.0000000
14144,train/Tomato___healthy/000146ff-92a4-4db6-90ad-8fce2ae4fddd___GH_HL Leaf 259.1.JPG,9,Tomato___healthy,29,28,3,3,0.4257353,0.5303309,0.3955270,0.0364680,0.0313200,0.0000000,0.0000000,0.0000000,0.0051620
14144,train/Tomato___healthy/000146ff-92a4-4db6-90ad-8fce2ae4fddd___GH_HL Leaf 259.1.JPG,9,Tomato___healthy,30,29,3,2,0.4004289,0.5050858,0.3783701,0.0000000,0.0000000,0.0000000,0.0618781,0.0538760,0.0344729
14144,train/Tomato___healthy/000146ff-92a4-4db6-90ad-8fce2ae4fddd___GH_HL Leaf 259.1.JPG,9,Tomato___healthy,31,30,3,1,0.3471814,0.4131128,0.3338848,0.0000000,0.0000000,0.0000000,0.1438791,0.2213390,0.0971191
14144,train/Tomato___healthy/000146ff-92a4-4db6-90ad-8fce2ae4fddd___GH_HL Leaf 259.1.JPG,9,Tomato___healthy,32,31,3,0,0.3574755,0.3662378,0.3834559,0.0298077,0.0000000,0.1084416,0.0000000,0.1329053,0.0000000
14144,train/Tomato___healthy/000146ff-92a4-4db6-90ad-8fce2ae4fddd___GH_HL Leaf 259.1.JPG,9,Tomato___healthy,33,32,4,0,0.2935049,0.3109682,0.3094976,0.0000000,0.0000000,0.0000000,0.1985115,0.1803430,0.1659612
14144,train/Tomato___healthy/000146ff-92a4-4db6-90ad-8fce2ae4fddd___GH_HL Leaf 259.1.JPG,9,Tomato___healthy,34,33,4,1,0.3814951,0.4783701,0.3515931,0.2659796,0.4744374,0.0999236,0.0000000,0.0000000,0.0000000
14144,train/Tomato___healthy/000146ff-92a4-4db6-90ad-8fce2ae4fddd___GH_HL Leaf 259.1.JPG,9,Tomato___healthy,35,34,4,2,0.3952819,0.4956495,0.3727328,0.0362146,0.0396865,0.0457992,0.0000000,0.0000000,0.0000000
14144,train/Tomato___healthy/000146ff-92a4-4db6-90ad-8fce2ae4fddd___GH_HL Leaf 259.1.JPG,9,Tomato___healthy,36,35,4,3,0.4110294,0.5188113,0.3809436,0.0398500,0.0510762,0.0170959,0.0000000,0.0000000,0.0000000
14144,train/Tomato___healthy/000146ff-92a4-4db6-90ad-8fce2ae4fddd___GH_HL Leaf 259.1.JPG,9,Tomato___healthy,37,36,4,4,0.4046569,0.5098652,0.3879902,0.0000000,0.0000000,0.0143808,0.0157821,0.0192171,0.0000000
14144,train/Tomato___healthy/000146ff-92a4-4db6-90ad-8fce2ae4fddd___GH_HL Leaf 259.1.JPG,9,Tomato___healthy,38,37,4,5,0.3862132,0.4845588,0.3783701,0.0000000,0.0000000,0.0000000,0.0471102,0.0562332,0.0195196
14144,train/Tomato___healthy/000146ff-92a4-4db6-90ad-8fce2ae4fddd___GH_HL Leaf 259.1.JPG,9,Tomato___healthy,39,38,4,6,0.3873162,0.4622549,0.3817402,0.0029094,0.0000000,0.0069576,0.0000000,0.0520535,0.0000000
14144,train/Tomato___healthy/000146ff-92a4-4db6-90ad-8fce2ae4fddd___GH_HL Leaf 259.1.JPG,9,Tomato___healthy,40,39,4,7,0.4243872,0.4204657,0.4614583,0.0931870,0.0000000,0.1483611,0.0000000,0.1046104,0.0000000
14144,train/Tomato___healthy/000146ff-92a4-4db6-90ad-8fce2ae4fddd___GH_HL Leaf 259.1.JPG,9,Tomato___healthy,41,40,5,7,0.3835172,0.3821691,0.4177696,0.0000000,0.0000000,0.0000000,0.1021925,0.1054327,0.0772665
14144,train/Tomato___healthy/000146ff-92a4-4db6-90ad-8fce2ae4fddd___GH_HL Leaf 259.1.JPG,9,Tomato___healthy,42,41,5,6,0.3672794,0.4368873,0.3626838,0.0000000,0.1494511,0.0000000,0.0436896,0.0000000,0.1097529
14144,train/Tomato___healthy/000146ff-92a4-4db6-90ad-8fce2ae4fddd___GH_HL Leaf 259.1.JPG,9,Tomato___healthy,43,42,5,5,0.3770833,0.4758579,0.3653186,0.0268740,0.0955145,0.0056795,0.0000000,0.0000000,0.0000000
14144,train/Tomato___healthy/000146ff-92a4-4db6-90ad-8fce2ae4fddd___GH_HL Leaf 259.1.JPG,9,Tomato___healthy,44,43,5,4,0.3981005,0.4996936,0.3813726,0.0553207,0.0546589,0.0337391,0.0000000,0.0000000,0.0000000
14144,train/Tomato___healthy/000146ff-92a4-4db6-90ad-8fce2ae4fddd___GH_HL Leaf 259.1.JPG,9,Tomato___healthy,45,44,5,3,0.3949755,0.5088236,0.3607843,0.0000000,0.0202519,0.0000000,0.0079600,0.0000000,0.0431367
14144,train/Tomato___healthy/000146ff-92a4-4db6-90ad-8fce2ae4fddd___GH_HL Leaf 259.1.JPG,9,Tomato___healthy,46,45,5,2,0.3609069,0.4685049,0.3382353,0.0000000,0.0000000,0.0000000,0.0910487,0.0911590,0.0501605
14144,train/Tomato___healthy/000146ff-92a4-4db6-90ad-8fce2ae4fddd___GH_HL Leaf 259.1.JPG,9,Tomato___healthy,47,46,5,1,0.3399510,0.4322304,0.3088848,0.0000000,0.0000000,0.0000000,0.0604018,0.0889894,0.0705268
14144,train/Tomato___healthy/000146ff-92a4-4db6-90ad-8fce2ae4fddd___GH_HL Leaf 259.1.JPG,9,Tomato___healthy,48,47,5,0,0.2683824,0.2848039,0.2875613,0.0000000,0.0000000,0.0000000,0.2376591,0.4543277,0.0555919
14144,train/Tomato___healthy/000146ff-92a4-4db6-90ad-8fce2ae4fddd___GH_HL Leaf 259.1.JPG,9,Tomato___healthy,49,48,6,0,0.2706495,0.2830882,0.3006740,0.0085819,0.0000000,0.0349812,0.0000000,0.0066758,0.0000000
14144,train/Tomato___healthy/000146ff-92a4-4db6-90ad-8fce2ae4fddd___GH_HL Leaf 259.1.JPG,9,Tomato___healthy,50,49,6,1,0.2872549,0.3246937,0.2977329,0.0607305,0.1531382,0.0000000,0.0000000,0.0000000,0.0076427
14144,train/Tomato___healthy/000146ff-92a4-4db6-90ad-8fce2ae4fddd___GH_HL Leaf 259.1.JPG,9,Tomato___healthy,51,50,6,2,0.3259191,0.4097427,0.3063113,0.1286599,0.2590578,0.0222860,0.0000000,0.0000000,0.0000000
14144,train/Tomato___healthy/000146ff-92a4-4db6-90ad-8fce2ae4fddd___GH_HL Leaf 259.1.JPG,9,Tomato___healthy,52,51,6,3,0.3411765,0.4263481,0.3014706,0.0466669,0.0444302,0.0000000,0.0000000,0.0000000,0.0123846
14144,train/Tomato___healthy/000146ff-92a4-4db6-90ad-8fce2ae4fddd___GH_HL Leaf 259.1.JPG,9,Tomato___healthy,53,52,6,4,0.3494485,0.4368260,0.3299632,0.0244393,0.0271556,0.0708104,0.0000000,0.0000000,0.0000000
14144,train/Tomato___healthy/000146ff-92a4-4db6-90ad-8fce2ae4fddd___GH_HL Leaf 259.1.JPG,9,Tomato___healthy,54,53,6,5,0.3604167,0.4214461,0.3657476,0.0315265,0.0000000,0.0807155,0.0000000,0.0395970,0.0000000
14144,train/Tomato___healthy/000146ff-92a4-4db6-90ad-8fce2ae4fddd___GH_HL Leaf 259.1.JPG,9,Tomato___healthy,55,54,6,6,0.3449755,0.3607843,0.3848039,0.0000000,0.0000000,0.0398430,0.0442205,0.1713618,0.0000000
14144,train/Tomato___healthy/000146ff-92a4-4db6-90ad-8fce2ae4fddd___GH_HL Leaf 259.1.JPG,9,Tomato___healthy,56,55,6,7,0.3683824,0.3685662,0.4077819,0.0669505,0.0238687,0.0454944,0.0000000,0.0000000,0.0000000
14144,train/Tomato___healthy/000146ff-92a4-4db6-90ad-8fce2ae4fddd___GH_HL Leaf 259.1.JPG,9,Tomato___healthy,57,56,7,7,0.3314951,0.3346814,0.3728554,0.0000000,0.0000000,0.0000000,0.1064702,0.1064707,0.0695711
14144,train/Tomato___healthy/000146ff-92a4-4db6-90ad-8fce2ae4fddd___GH_HL Leaf 259.1.JPG,9,Tomato___healthy,58,57,7,6,0.3160539,0.3253677,0.3615809,0.0000000,0.0000000,0.0000000,0.0481705,0.0311804,0.0238708
14144,train/Tomato___healthy/000146ff-92a4-4db6-90ad-8fce2ae4fddd___GH_HL Leaf 259.1.JPG,9,Tomato___healthy,59,58,7,5,0.2998775,0.3114583,0.3466912,0.0000000,0.0000000,0.0000000,0.0530548,0.0482635,0.0326896
14144,train/Tomato___healthy/000146ff-92a4-4db6-90ad-8fce2ae4fddd___GH_HL Leaf 259.1.JPG,9,Tomato___healthy,60,59,7,4,0.2821079,0.2939338,0.3292280,0.0000000,0.0000000,0.0000000,0.0616793,0.0639650,0.0401748
14144,train/Tomato___healthy/000146ff-92a4-4db6-90ad-8fce2ae4fddd___GH_HL Leaf 259.1.JPG,9,Tomato___healthy,61,60,7,3,0.2799020,0.2928309,0.3279412,0.0000000,0.0000000,0.0000000,0.0079289,0.0041536,0.0030447
14144,train/Tomato___healthy/000146ff-92a4-4db6-90ad-8fce2ae4fddd___GH_HL Leaf 259.1.JPG,9,Tomato___healthy,62,61,7,2,0.2660539,0.2776961,0.3052696,0.0000000,0.0000000,0.0000000,0.0512394,0.0586183,0.0556745
14144,train/Tomato___healthy/000146ff-92a4-4db6-90ad-8fce2ae4fddd___GH_HL Leaf 259.1.JPG,9,Tomato___healthy,63,62,7,1,0.2702819,0.2836397,0.3025123,0.0160846,0.0236870,0.0000000,0.0000000,0.0000000,0.0070546
14144,train/Tomato___healthy/000146ff-92a4-4db6-90ad-8fce2ae4fddd___GH_HL Leaf 259.1.JPG,9,Tomato___healthy,64,63,7,0,0.2757353,0.2875000,0.3071079,0.0203789,0.0151203,0.0118298,0.0000000,0.0000000,0.0000000
